<?xml version="1.0" encoding="UTF-8"?>
<hwsession version="1" minor="1">
  <probeset name="hw project" active="false">
    <probe type="ila" busType="net" source="netlist" spec="ILA_V2_RT">
      <probeOptions Id="DebugProbeParams">
        <Option Id="CAPTURE_COMPARE_VALUE" value="eq32&apos;hXXXX_XXXX"/>
        <Option Id="COMPARE_VALUE.0" value="eq32&apos;hXXXX_XXXX"/>
        <Option Id="DISPLAY_HINT" value=""/>
        <Option Id="DISPLAY_VISIBILITY" value=""/>
        <Option Id="HW_ILA" value="hw_ila_1"/>
        <Option Id="TRIGGER_COMPARE_VALUE" value="eq32&apos;hXXXX_XXXX"/>
      </probeOptions>
      <nets>
        <net name="CSI_VIDEO_tdata[31]"/>
        <net name="CSI_VIDEO_tdata[30]"/>
        <net name="CSI_VIDEO_tdata[29]"/>
        <net name="CSI_VIDEO_tdata[28]"/>
        <net name="CSI_VIDEO_tdata[27]"/>
        <net name="CSI_VIDEO_tdata[26]"/>
        <net name="CSI_VIDEO_tdata[25]"/>
        <net name="CSI_VIDEO_tdata[24]"/>
        <net name="CSI_VIDEO_tdata[23]"/>
        <net name="CSI_VIDEO_tdata[22]"/>
        <net name="CSI_VIDEO_tdata[21]"/>
        <net name="CSI_VIDEO_tdata[20]"/>
        <net name="CSI_VIDEO_tdata[19]"/>
        <net name="CSI_VIDEO_tdata[18]"/>
        <net name="CSI_VIDEO_tdata[17]"/>
        <net name="CSI_VIDEO_tdata[16]"/>
        <net name="CSI_VIDEO_tdata[15]"/>
        <net name="CSI_VIDEO_tdata[14]"/>
        <net name="CSI_VIDEO_tdata[13]"/>
        <net name="CSI_VIDEO_tdata[12]"/>
        <net name="CSI_VIDEO_tdata[11]"/>
        <net name="CSI_VIDEO_tdata[10]"/>
        <net name="CSI_VIDEO_tdata[9]"/>
        <net name="CSI_VIDEO_tdata[8]"/>
        <net name="CSI_VIDEO_tdata[7]"/>
        <net name="CSI_VIDEO_tdata[6]"/>
        <net name="CSI_VIDEO_tdata[5]"/>
        <net name="CSI_VIDEO_tdata[4]"/>
        <net name="CSI_VIDEO_tdata[3]"/>
        <net name="CSI_VIDEO_tdata[2]"/>
        <net name="CSI_VIDEO_tdata[1]"/>
        <net name="CSI_VIDEO_tdata[0]"/>
      </nets>
    </probe>
    <probe type="ila" busType="net" source="netlist" spec="ILA_V2_RT">
      <probeOptions Id="DebugProbeParams">
        <Option Id="CAPTURE_COMPARE_VALUE" value="eq1&apos;bX"/>
        <Option Id="COMPARE_VALUE.0" value="eq1&apos;bX"/>
        <Option Id="DISPLAY_HINT" value=""/>
        <Option Id="DISPLAY_VISIBILITY" value=""/>
        <Option Id="HW_ILA" value="hw_ila_1"/>
        <Option Id="TRIGGER_COMPARE_VALUE" value="eq1&apos;bX"/>
      </probeOptions>
      <nets>
        <net name="CSI_VIDEO_tlast"/>
      </nets>
    </probe>
    <probe type="ila" busType="net" source="netlist" spec="ILA_V2_RT">
      <probeOptions Id="DebugProbeParams">
        <Option Id="CAPTURE_COMPARE_VALUE" value="eq1&apos;bX"/>
        <Option Id="COMPARE_VALUE.0" value="eq1&apos;bX"/>
        <Option Id="DISPLAY_HINT" value=""/>
        <Option Id="DISPLAY_VISIBILITY" value=""/>
        <Option Id="HW_ILA" value="hw_ila_1"/>
        <Option Id="TRIGGER_COMPARE_VALUE" value="eq1&apos;bX"/>
      </probeOptions>
      <nets>
        <net name="CSI_VIDEO_tready"/>
      </nets>
    </probe>
    <probe type="ila" busType="net" source="netlist" spec="ILA_V2_RT">
      <probeOptions Id="DebugProbeParams">
        <Option Id="CAPTURE_COMPARE_VALUE" value="eq1&apos;bX"/>
        <Option Id="COMPARE_VALUE.0" value="eq1&apos;b1"/>
        <Option Id="DISPLAY_HINT" value=""/>
        <Option Id="DISPLAY_VISIBILITY" value=""/>
        <Option Id="HW_ILA" value="hw_ila_1"/>
        <Option Id="TRIGGER_COMPARE_VALUE" value="eq1&apos;b1"/>
      </probeOptions>
      <nets>
        <net name="CSI_VIDEO_tsof"/>
      </nets>
    </probe>
    <probe type="ila" busType="net" source="netlist" spec="ILA_V2_RT">
      <probeOptions Id="DebugProbeParams">
        <Option Id="CAPTURE_COMPARE_VALUE" value="eq1&apos;bX"/>
        <Option Id="COMPARE_VALUE.0" value="eq1&apos;bX"/>
        <Option Id="DISPLAY_HINT" value=""/>
        <Option Id="DISPLAY_VISIBILITY" value=""/>
        <Option Id="HW_ILA" value="hw_ila_1"/>
        <Option Id="TRIGGER_COMPARE_VALUE" value="eq1&apos;bX"/>
      </probeOptions>
      <nets>
        <net name="CSI_VIDEO_tvalid"/>
      </nets>
    </probe>
    <probe type="ila" busType="net" source="netlist" spec="ILA_V2_RT">
      <probeOptions Id="DebugProbeParams">
        <Option Id="CAPTURE_COMPARE_VALUE" value="eq24&apos;hXX_XXXX"/>
        <Option Id="COMPARE_VALUE.0" value="eq24&apos;hXX_XXXX"/>
        <Option Id="DISPLAY_HINT" value=""/>
        <Option Id="DISPLAY_VISIBILITY" value=""/>
        <Option Id="HW_ILA" value="hw_ila_1"/>
        <Option Id="TRIGGER_COMPARE_VALUE" value="eq24&apos;hXX_XXXX"/>
      </probeOptions>
      <nets>
        <net name="LCD_RGB_OBUF[23]"/>
        <net name="LCD_RGB_OBUF[22]"/>
        <net name="LCD_RGB_OBUF[21]"/>
        <net name="LCD_RGB_OBUF[20]"/>
        <net name="LCD_RGB_OBUF[19]"/>
        <net name="LCD_RGB_OBUF[18]"/>
        <net name="LCD_RGB_OBUF[17]"/>
        <net name="LCD_RGB_OBUF[16]"/>
        <net name="LCD_RGB_OBUF[15]"/>
        <net name="LCD_RGB_OBUF[14]"/>
        <net name="LCD_RGB_OBUF[13]"/>
        <net name="LCD_RGB_OBUF[12]"/>
        <net name="LCD_RGB_OBUF[11]"/>
        <net name="LCD_RGB_OBUF[10]"/>
        <net name="LCD_RGB_OBUF[9]"/>
        <net name="LCD_RGB_OBUF[8]"/>
        <net name="LCD_RGB_OBUF[7]"/>
        <net name="LCD_RGB_OBUF[6]"/>
        <net name="LCD_RGB_OBUF[5]"/>
        <net name="LCD_RGB_OBUF[4]"/>
        <net name="LCD_RGB_OBUF[3]"/>
        <net name="LCD_RGB_OBUF[2]"/>
        <net name="LCD_RGB_OBUF[1]"/>
        <net name="LCD_RGB_OBUF[0]"/>
      </nets>
    </probe>
    <probe type="ila" busType="net" source="netlist" spec="ILA_V2_RT">
      <probeOptions Id="DebugProbeParams">
        <Option Id="CAPTURE_COMPARE_VALUE" value="eq1&apos;bX"/>
        <Option Id="COMPARE_VALUE.0" value="eq1&apos;bX"/>
        <Option Id="DISPLAY_HINT" value=""/>
        <Option Id="DISPLAY_VISIBILITY" value=""/>
        <Option Id="HW_ILA" value="hw_ila_1"/>
        <Option Id="TRIGGER_COMPARE_VALUE" value="eq1&apos;bX"/>
      </probeOptions>
      <nets>
        <net name="LCD_STYB_OBUF[0]"/>
      </nets>
    </probe>
    <probe type="ila" busType="net" source="netlist" spec="ILA_V2_RT">
      <probeOptions Id="DebugProbeParams">
        <Option Id="CAPTURE_COMPARE_VALUE" value="eq32&apos;hXXXX_XXXX"/>
        <Option Id="COMPARE_VALUE.0" value="eq32&apos;hXXXX_XXXX"/>
        <Option Id="DISPLAY_HINT" value=""/>
        <Option Id="DISPLAY_VISIBILITY" value=""/>
        <Option Id="HW_ILA" value="hw_ila_1"/>
        <Option Id="TRIGGER_COMPARE_VALUE" value="eq32&apos;hXXXX_XXXX"/>
      </probeOptions>
      <nets>
        <net name="i_system_wrapper/system_i/video_in_1_TDATA[31]"/>
        <net name="i_system_wrapper/system_i/video_in_1_TDATA[30]"/>
        <net name="i_system_wrapper/system_i/video_in_1_TDATA[29]"/>
        <net name="i_system_wrapper/system_i/video_in_1_TDATA[28]"/>
        <net name="i_system_wrapper/system_i/video_in_1_TDATA[27]"/>
        <net name="i_system_wrapper/system_i/video_in_1_TDATA[26]"/>
        <net name="i_system_wrapper/system_i/video_in_1_TDATA[25]"/>
        <net name="i_system_wrapper/system_i/video_in_1_TDATA[24]"/>
        <net name="i_system_wrapper/system_i/video_in_1_TDATA[23]"/>
        <net name="i_system_wrapper/system_i/video_in_1_TDATA[22]"/>
        <net name="i_system_wrapper/system_i/video_in_1_TDATA[21]"/>
        <net name="i_system_wrapper/system_i/video_in_1_TDATA[20]"/>
        <net name="i_system_wrapper/system_i/video_in_1_TDATA[19]"/>
        <net name="i_system_wrapper/system_i/video_in_1_TDATA[18]"/>
        <net name="i_system_wrapper/system_i/video_in_1_TDATA[17]"/>
        <net name="i_system_wrapper/system_i/video_in_1_TDATA[16]"/>
        <net name="i_system_wrapper/system_i/video_in_1_TDATA[15]"/>
        <net name="i_system_wrapper/system_i/video_in_1_TDATA[14]"/>
        <net name="i_system_wrapper/system_i/video_in_1_TDATA[13]"/>
        <net name="i_system_wrapper/system_i/video_in_1_TDATA[12]"/>
        <net name="i_system_wrapper/system_i/video_in_1_TDATA[11]"/>
        <net name="i_system_wrapper/system_i/video_in_1_TDATA[10]"/>
        <net name="i_system_wrapper/system_i/video_in_1_TDATA[9]"/>
        <net name="i_system_wrapper/system_i/video_in_1_TDATA[8]"/>
        <net name="i_system_wrapper/system_i/video_in_1_TDATA[7]"/>
        <net name="i_system_wrapper/system_i/video_in_1_TDATA[6]"/>
        <net name="i_system_wrapper/system_i/video_in_1_TDATA[5]"/>
        <net name="i_system_wrapper/system_i/video_in_1_TDATA[4]"/>
        <net name="i_system_wrapper/system_i/video_in_1_TDATA[3]"/>
        <net name="i_system_wrapper/system_i/video_in_1_TDATA[2]"/>
        <net name="i_system_wrapper/system_i/video_in_1_TDATA[1]"/>
        <net name="i_system_wrapper/system_i/video_in_1_TDATA[0]"/>
      </nets>
    </probe>
    <probe type="ila" busType="net" source="netlist" spec="ILA_V2_RT">
      <probeOptions Id="DebugProbeParams">
        <Option Id="CAPTURE_COMPARE_VALUE" value="eq1&apos;bX"/>
        <Option Id="COMPARE_VALUE.0" value="eq1&apos;bX"/>
        <Option Id="DISPLAY_HINT" value=""/>
        <Option Id="DISPLAY_VISIBILITY" value=""/>
        <Option Id="HW_ILA" value="hw_ila_1"/>
        <Option Id="TRIGGER_COMPARE_VALUE" value="eq1&apos;bX"/>
      </probeOptions>
      <nets>
        <net name="i_system_wrapper/system_i/video_in_1_TLAST"/>
      </nets>
    </probe>
    <probe type="ila" busType="net" source="netlist" spec="ILA_V2_RT">
      <probeOptions Id="DebugProbeParams">
        <Option Id="CAPTURE_COMPARE_VALUE" value="eq1&apos;bX"/>
        <Option Id="COMPARE_VALUE.0" value="eq1&apos;bX"/>
        <Option Id="DISPLAY_HINT" value=""/>
        <Option Id="DISPLAY_VISIBILITY" value=""/>
        <Option Id="HW_ILA" value="hw_ila_1"/>
        <Option Id="TRIGGER_COMPARE_VALUE" value="eq1&apos;bX"/>
      </probeOptions>
      <nets>
        <net name="i_system_wrapper/system_i/video_in_1_TREADY"/>
      </nets>
    </probe>
    <probe type="ila" busType="net" source="netlist" spec="ILA_V2_RT">
      <probeOptions Id="DebugProbeParams">
        <Option Id="CAPTURE_COMPARE_VALUE" value="eq1&apos;bX"/>
        <Option Id="COMPARE_VALUE.0" value="eq1&apos;bX"/>
        <Option Id="DISPLAY_HINT" value=""/>
        <Option Id="DISPLAY_VISIBILITY" value=""/>
        <Option Id="HW_ILA" value="hw_ila_1"/>
        <Option Id="TRIGGER_COMPARE_VALUE" value="eq1&apos;bX"/>
      </probeOptions>
      <nets>
        <net name="i_system_wrapper/system_i/video_in_1_TUSER"/>
      </nets>
    </probe>
    <probe type="ila" busType="net" source="netlist" spec="ILA_V2_RT">
      <probeOptions Id="DebugProbeParams">
        <Option Id="CAPTURE_COMPARE_VALUE" value="eq1&apos;bX"/>
        <Option Id="COMPARE_VALUE.0" value="eq1&apos;bX"/>
        <Option Id="DISPLAY_HINT" value=""/>
        <Option Id="DISPLAY_VISIBILITY" value=""/>
        <Option Id="HW_ILA" value="hw_ila_1"/>
        <Option Id="TRIGGER_COMPARE_VALUE" value="eq1&apos;bX"/>
      </probeOptions>
      <nets>
        <net name="i_system_wrapper/system_i/video_in_1_TVALID"/>
      </nets>
    </probe>
    <probe type="ila" busType="net" source="netlist" spec="ILA_V2_RT">
      <probeOptions Id="DebugProbeParams">
        <Option Id="CAPTURE_COMPARE_VALUE" value="eq1&apos;bX"/>
        <Option Id="COMPARE_VALUE.0" value="eq1&apos;b1"/>
        <Option Id="DISPLAY_HINT" value=""/>
        <Option Id="DISPLAY_VISIBILITY" value=""/>
        <Option Id="HW_ILA" value="hw_ila_1"/>
        <Option Id="TRIGGER_COMPARE_VALUE" value="eq1&apos;b1"/>
      </probeOptions>
      <nets>
        <net name="mipi_csi_top_I/n_0_phy_I"/>
      </nets>
    </probe>
    <probe type="ila" busType="net" source="netlist" spec="ILA_V2_RT">
      <probeOptions Id="DebugProbeParams">
        <Option Id="CAPTURE_COMPARE_VALUE" value="eq1&apos;bX"/>
        <Option Id="COMPARE_VALUE.0" value="eq1&apos;bX"/>
        <Option Id="DISPLAY_HINT" value=""/>
        <Option Id="DISPLAY_VISIBILITY" value=""/>
        <Option Id="HW_ILA" value="hw_ila_1"/>
        <Option Id="TRIGGER_COMPARE_VALUE" value="eq1&apos;bX"/>
      </probeOptions>
      <nets>
        <net name="mipi_csi_top_I/n_0_phy_ctrl_lpdet_byp_I"/>
      </nets>
    </probe>
    <probe type="ila" busType="net" source="netlist" spec="ILA_V2_RT">
      <probeOptions Id="DebugProbeParams">
        <Option Id="CAPTURE_COMPARE_VALUE" value="eq1&apos;bX"/>
        <Option Id="COMPARE_VALUE.0" value="eq1&apos;bX"/>
        <Option Id="DISPLAY_HINT" value=""/>
        <Option Id="DISPLAY_VISIBILITY" value=""/>
        <Option Id="HW_ILA" value="hw_ila_1"/>
        <Option Id="TRIGGER_COMPARE_VALUE" value="eq1&apos;bX"/>
      </probeOptions>
      <nets>
        <net name="mipi_csi_top_I/n_0_phy_rst_cnt_reg[3]"/>
      </nets>
    </probe>
    <probe type="ila" busType="net" source="netlist" spec="ILA_V2_RT">
      <probeOptions Id="DebugProbeParams">
        <Option Id="CAPTURE_COMPARE_VALUE" value="eq1&apos;bX"/>
        <Option Id="COMPARE_VALUE.0" value="eq1&apos;bX"/>
        <Option Id="DISPLAY_HINT" value=""/>
        <Option Id="DISPLAY_VISIBILITY" value=""/>
        <Option Id="HW_ILA" value="hw_ila_1"/>
        <Option Id="TRIGGER_COMPARE_VALUE" value="eq1&apos;bX"/>
      </probeOptions>
      <nets>
        <net name="mipi_csi_top_I/n_37_pkt_recv_I"/>
      </nets>
    </probe>
    <probe type="ila" busType="net" source="netlist" spec="ILA_V2_RT">
      <probeOptions Id="DebugProbeParams">
        <Option Id="CAPTURE_COMPARE_VALUE" value="eq1&apos;bX"/>
        <Option Id="COMPARE_VALUE.0" value="eq1&apos;bX"/>
        <Option Id="DISPLAY_HINT" value=""/>
        <Option Id="DISPLAY_VISIBILITY" value=""/>
        <Option Id="HW_ILA" value="hw_ila_1"/>
        <Option Id="TRIGGER_COMPARE_VALUE" value="eq1&apos;bX"/>
      </probeOptions>
      <nets>
        <net name="mipi_csi_top_I/n_5_phy_I"/>
      </nets>
    </probe>
    <probe type="ila" busType="net" source="netlist" spec="ILA_V2_RT">
      <probeOptions Id="DebugProbeParams">
        <Option Id="CAPTURE_COMPARE_VALUE" value="eq4&apos;hX"/>
        <Option Id="COMPARE_VALUE.0" value="eq4&apos;hX"/>
        <Option Id="DISPLAY_HINT" value=""/>
        <Option Id="DISPLAY_VISIBILITY" value=""/>
        <Option Id="HW_ILA" value="hw_ila_1"/>
        <Option Id="TRIGGER_COMPARE_VALUE" value="eq4&apos;hX"/>
      </probeOptions>
      <nets>
        <net name="mipi_csi_top_I/phy_data[3]"/>
        <net name="mipi_csi_top_I/phy_data[2]"/>
        <net name="mipi_csi_top_I/phy_data[1]"/>
        <net name="mipi_csi_top_I/phy_data[0]"/>
      </nets>
    </probe>
    <probe type="ila" busType="net" source="netlist" spec="ILA_V2_RT">
      <probeOptions Id="DebugProbeParams">
        <Option Id="CAPTURE_COMPARE_VALUE" value="eq32&apos;hXXXX_XXXX"/>
        <Option Id="COMPARE_VALUE.0" value="eq32&apos;hXXXX_XXXX"/>
        <Option Id="DISPLAY_HINT" value=""/>
        <Option Id="DISPLAY_VISIBILITY" value=""/>
        <Option Id="HW_ILA" value="hw_ila_1"/>
        <Option Id="TRIGGER_COMPARE_VALUE" value="eq32&apos;hXXXX_XXXX"/>
      </probeOptions>
      <nets>
        <net name="mipi_csi_top_I/pkt_data[31]"/>
        <net name="mipi_csi_top_I/pkt_data[30]"/>
        <net name="mipi_csi_top_I/pkt_data[29]"/>
        <net name="mipi_csi_top_I/pkt_data[28]"/>
        <net name="mipi_csi_top_I/pkt_data[27]"/>
        <net name="mipi_csi_top_I/pkt_data[26]"/>
        <net name="mipi_csi_top_I/pkt_data[25]"/>
        <net name="mipi_csi_top_I/pkt_data[24]"/>
        <net name="mipi_csi_top_I/pkt_data[23]"/>
        <net name="mipi_csi_top_I/pkt_data[22]"/>
        <net name="mipi_csi_top_I/pkt_data[21]"/>
        <net name="mipi_csi_top_I/pkt_data[20]"/>
        <net name="mipi_csi_top_I/pkt_data[19]"/>
        <net name="mipi_csi_top_I/pkt_data[18]"/>
        <net name="mipi_csi_top_I/pkt_data[17]"/>
        <net name="mipi_csi_top_I/pkt_data[16]"/>
        <net name="mipi_csi_top_I/pkt_data[15]"/>
        <net name="mipi_csi_top_I/pkt_data[14]"/>
        <net name="mipi_csi_top_I/pkt_data[13]"/>
        <net name="mipi_csi_top_I/pkt_data[12]"/>
        <net name="mipi_csi_top_I/pkt_data[11]"/>
        <net name="mipi_csi_top_I/pkt_data[10]"/>
        <net name="mipi_csi_top_I/pkt_data[9]"/>
        <net name="mipi_csi_top_I/pkt_data[8]"/>
        <net name="mipi_csi_top_I/pkt_data[7]"/>
        <net name="mipi_csi_top_I/pkt_data[6]"/>
        <net name="mipi_csi_top_I/pkt_data[5]"/>
        <net name="mipi_csi_top_I/pkt_data[4]"/>
        <net name="mipi_csi_top_I/pkt_data[3]"/>
        <net name="mipi_csi_top_I/pkt_data[2]"/>
        <net name="mipi_csi_top_I/pkt_data[1]"/>
        <net name="mipi_csi_top_I/pkt_data[0]"/>
      </nets>
    </probe>
    <probe type="ila" busType="net" source="netlist" spec="ILA_V2_RT">
      <probeOptions Id="DebugProbeParams">
        <Option Id="CAPTURE_COMPARE_VALUE" value="eq1&apos;bX"/>
        <Option Id="COMPARE_VALUE.0" value="eq1&apos;bX"/>
        <Option Id="DISPLAY_HINT" value=""/>
        <Option Id="DISPLAY_VISIBILITY" value=""/>
        <Option Id="HW_ILA" value="hw_ila_1"/>
        <Option Id="TRIGGER_COMPARE_VALUE" value="eq1&apos;bX"/>
      </probeOptions>
      <nets>
        <net name="mipi_csi_top_I/pkt_hdr"/>
      </nets>
    </probe>
    <probe type="ila" busType="net" source="netlist" spec="ILA_V2_RT">
      <probeOptions Id="DebugProbeParams">
        <Option Id="CAPTURE_COMPARE_VALUE" value="eq1&apos;bX"/>
        <Option Id="COMPARE_VALUE.0" value="eq1&apos;bX"/>
        <Option Id="DISPLAY_HINT" value=""/>
        <Option Id="DISPLAY_VISIBILITY" value=""/>
        <Option Id="HW_ILA" value="hw_ila_1"/>
        <Option Id="TRIGGER_COMPARE_VALUE" value="eq1&apos;bX"/>
      </probeOptions>
      <nets>
        <net name="mipi_csi_top_I/pkt_last"/>
      </nets>
    </probe>
    <probe type="ila" busType="net" source="netlist" spec="ILA_V2_RT">
      <probeOptions Id="DebugProbeParams">
        <Option Id="CAPTURE_COMPARE_VALUE" value="eq1&apos;bX"/>
        <Option Id="COMPARE_VALUE.0" value="eq1&apos;bX"/>
        <Option Id="DISPLAY_HINT" value=""/>
        <Option Id="DISPLAY_VISIBILITY" value=""/>
        <Option Id="HW_ILA" value="hw_ila_1"/>
        <Option Id="TRIGGER_COMPARE_VALUE" value="eq1&apos;bX"/>
      </probeOptions>
      <nets>
        <net name="mipi_csi_top_I/pkt_valid"/>
      </nets>
    </probe>
    <probe type="ila" busType="net" source="netlist" spec="ILA_V2_RT">
      <probeOptions Id="DebugProbeParams">
        <Option Id="CAPTURE_COMPARE_VALUE" value="eq1&apos;bX"/>
        <Option Id="COMPARE_VALUE.0" value="eq1&apos;bX"/>
        <Option Id="DISPLAY_HINT" value=""/>
        <Option Id="DISPLAY_VISIBILITY" value=""/>
        <Option Id="HW_ILA" value="hw_ila_1"/>
        <Option Id="TRIGGER_COMPARE_VALUE" value="eq1&apos;bX"/>
      </probeOptions>
      <nets>
        <net name="mipi_csi_top_I/sig_in"/>
      </nets>
    </probe>
    <probe type="ila" busType="net" source="netlist" spec="ILA_V2_RT">
      <probeOptions Id="DebugProbeParams">
        <Option Id="CAPTURE_COMPARE_VALUE" value="eq1&apos;bX"/>
        <Option Id="COMPARE_VALUE.0" value="eq1&apos;bX"/>
        <Option Id="DISPLAY_HINT" value=""/>
        <Option Id="DISPLAY_VISIBILITY" value=""/>
        <Option Id="HW_ILA" value="hw_ila_1"/>
        <Option Id="TRIGGER_COMPARE_VALUE" value="eq1&apos;bX"/>
      </probeOptions>
      <nets>
        <net name="mipi_csi_top_I/sig_out"/>
      </nets>
    </probe>
    <probe type="ila" busType="net" source="netlist" spec="ILA_V2_RT">
      <probeOptions Id="DebugProbeParams">
        <Option Id="CAPTURE_COMPARE_VALUE" value="eq1&apos;bX"/>
        <Option Id="COMPARE_VALUE.0" value="eq1&apos;bX"/>
        <Option Id="DISPLAY_HINT" value=""/>
        <Option Id="DISPLAY_VISIBILITY" value=""/>
        <Option Id="HW_ILA" value="hw_ila_1"/>
        <Option Id="TRIGGER_COMPARE_VALUE" value="eq1&apos;bX"/>
      </probeOptions>
      <nets>
        <net name="n_127_system_i"/>
      </nets>
    </probe>
    <probe type="ila" busType="net" source="netlist" spec="ILA_V2_RT">
      <probeOptions Id="DebugProbeParams">
        <Option Id="CAPTURE_COMPARE_VALUE" value="eq1&apos;bX"/>
        <Option Id="COMPARE_VALUE.0" value="eq1&apos;bX"/>
        <Option Id="DISPLAY_HINT" value=""/>
        <Option Id="DISPLAY_VISIBILITY" value=""/>
        <Option Id="HW_ILA" value="hw_ila_1"/>
        <Option Id="TRIGGER_COMPARE_VALUE" value="eq1&apos;bX"/>
      </probeOptions>
      <nets>
        <net name="n_128_system_i"/>
      </nets>
    </probe>
    <probe type="ila" busType="net" source="netlist" spec="ILA_V2_RT">
      <probeOptions Id="DebugProbeParams">
        <Option Id="CAPTURE_COMPARE_VALUE" value="eq1&apos;bX"/>
        <Option Id="COMPARE_VALUE.0" value="eq1&apos;bX"/>
        <Option Id="DISPLAY_HINT" value=""/>
        <Option Id="DISPLAY_VISIBILITY" value=""/>
        <Option Id="HW_ILA" value="hw_ila_1"/>
        <Option Id="TRIGGER_COMPARE_VALUE" value="eq1&apos;bX"/>
      </probeOptions>
      <nets>
        <net name="n_129_system_i"/>
      </nets>
    </probe>
    <probe type="ila" busType="net" source="netlist" spec="ILA_V2_RT">
      <probeOptions Id="DebugProbeParams">
        <Option Id="CAPTURE_COMPARE_VALUE" value="eq1&apos;bX"/>
        <Option Id="COMPARE_VALUE.0" value="eq1&apos;bX"/>
        <Option Id="DISPLAY_HINT" value=""/>
        <Option Id="DISPLAY_VISIBILITY" value=""/>
        <Option Id="HW_ILA" value="hw_ila_1"/>
        <Option Id="TRIGGER_COMPARE_VALUE" value="eq1&apos;bX"/>
      </probeOptions>
      <nets>
        <net name="n_163_system_i"/>
      </nets>
    </probe>
    <probe type="ila" busType="net" source="netlist" spec="ILA_V2_RT">
      <probeOptions Id="DebugProbeParams">
        <Option Id="CAPTURE_COMPARE_VALUE" value="eq1&apos;bX"/>
        <Option Id="COMPARE_VALUE.0" value="eq1&apos;bX"/>
        <Option Id="DISPLAY_HINT" value=""/>
        <Option Id="DISPLAY_VISIBILITY" value=""/>
        <Option Id="HW_ILA" value="hw_ila_1"/>
        <Option Id="TRIGGER_COMPARE_VALUE" value="eq1&apos;bX"/>
      </probeOptions>
      <nets>
        <net name="system_i/CSI_CLK"/>
      </nets>
    </probe>
    <probe type="ila" busType="bus" source="netlist" spec="ILA_V2_RT">
      <probeOptions Id="DebugProbeParams">
        <Option Id="CAPTURE_COMPARE_VALUE" value="eq32&apos;hXXXX_XXXX"/>
        <Option Id="COMPARE_VALUE.0" value="eq32&apos;hXXXX_XXXX"/>
        <Option Id="DISPLAY_HINT" value=""/>
        <Option Id="DISPLAY_VISIBILITY" value=""/>
        <Option Id="HW_ILA" value="hw_ila_1"/>
        <Option Id="TRIGGER_COMPARE_VALUE" value="eq32&apos;hXXXX_XXXX"/>
      </probeOptions>
      <nets>
        <net name="system_i/CSI_VIDEO_tdata[31]"/>
        <net name="system_i/CSI_VIDEO_tdata[30]"/>
        <net name="system_i/CSI_VIDEO_tdata[29]"/>
        <net name="system_i/CSI_VIDEO_tdata[28]"/>
        <net name="system_i/CSI_VIDEO_tdata[27]"/>
        <net name="system_i/CSI_VIDEO_tdata[26]"/>
        <net name="system_i/CSI_VIDEO_tdata[25]"/>
        <net name="system_i/CSI_VIDEO_tdata[24]"/>
        <net name="system_i/CSI_VIDEO_tdata[23]"/>
        <net name="system_i/CSI_VIDEO_tdata[22]"/>
        <net name="system_i/CSI_VIDEO_tdata[21]"/>
        <net name="system_i/CSI_VIDEO_tdata[20]"/>
        <net name="system_i/CSI_VIDEO_tdata[19]"/>
        <net name="system_i/CSI_VIDEO_tdata[18]"/>
        <net name="system_i/CSI_VIDEO_tdata[17]"/>
        <net name="system_i/CSI_VIDEO_tdata[16]"/>
        <net name="system_i/CSI_VIDEO_tdata[15]"/>
        <net name="system_i/CSI_VIDEO_tdata[14]"/>
        <net name="system_i/CSI_VIDEO_tdata[13]"/>
        <net name="system_i/CSI_VIDEO_tdata[12]"/>
        <net name="system_i/CSI_VIDEO_tdata[11]"/>
        <net name="system_i/CSI_VIDEO_tdata[10]"/>
        <net name="system_i/CSI_VIDEO_tdata[9]"/>
        <net name="system_i/CSI_VIDEO_tdata[8]"/>
        <net name="system_i/CSI_VIDEO_tdata[7]"/>
        <net name="system_i/CSI_VIDEO_tdata[6]"/>
        <net name="system_i/CSI_VIDEO_tdata[5]"/>
        <net name="system_i/CSI_VIDEO_tdata[4]"/>
        <net name="system_i/CSI_VIDEO_tdata[3]"/>
        <net name="system_i/CSI_VIDEO_tdata[2]"/>
        <net name="system_i/CSI_VIDEO_tdata[1]"/>
        <net name="system_i/CSI_VIDEO_tdata[0]"/>
      </nets>
    </probe>
    <probe type="ila" busType="bus" source="netlist" spec="ILA_V2_RT">
      <probeOptions Id="DebugProbeParams">
        <Option Id="CAPTURE_COMPARE_VALUE" value="eq4&apos;hX"/>
        <Option Id="COMPARE_VALUE.0" value="eq4&apos;hX"/>
        <Option Id="DISPLAY_HINT" value=""/>
        <Option Id="DISPLAY_VISIBILITY" value=""/>
        <Option Id="HW_ILA" value="hw_ila_1"/>
        <Option Id="TRIGGER_COMPARE_VALUE" value="eq4&apos;hX"/>
      </probeOptions>
      <nets>
        <net name="system_i/CSI_VIDEO_tkeep[3]"/>
        <net name="system_i/CSI_VIDEO_tkeep[2]"/>
        <net name="system_i/CSI_VIDEO_tkeep[1]"/>
        <net name="system_i/CSI_VIDEO_tkeep[0]"/>
      </nets>
    </probe>
    <probe type="ila" busType="net" source="netlist" spec="ILA_V2_RT">
      <probeOptions Id="DebugProbeParams">
        <Option Id="CAPTURE_COMPARE_VALUE" value="eq1&apos;bX"/>
        <Option Id="COMPARE_VALUE.0" value="eq1&apos;bX"/>
        <Option Id="DISPLAY_HINT" value=""/>
        <Option Id="DISPLAY_VISIBILITY" value=""/>
        <Option Id="HW_ILA" value="hw_ila_1"/>
        <Option Id="TRIGGER_COMPARE_VALUE" value="eq1&apos;bX"/>
      </probeOptions>
      <nets>
        <net name="system_i/CSI_VIDEO_tlast"/>
      </nets>
    </probe>
    <probe type="ila" busType="net" source="netlist" spec="ILA_V2_RT">
      <probeOptions Id="DebugProbeParams">
        <Option Id="CAPTURE_COMPARE_VALUE" value="eq1&apos;bX"/>
        <Option Id="COMPARE_VALUE.0" value="eq1&apos;bX"/>
        <Option Id="DISPLAY_HINT" value=""/>
        <Option Id="DISPLAY_VISIBILITY" value=""/>
        <Option Id="HW_ILA" value="hw_ila_1"/>
        <Option Id="TRIGGER_COMPARE_VALUE" value="eq1&apos;bX"/>
      </probeOptions>
      <nets>
        <net name="system_i/CSI_VIDEO_tready"/>
      </nets>
    </probe>
    <probe type="ila" busType="net" source="netlist" spec="ILA_V2_RT">
      <probeOptions Id="DebugProbeParams">
        <Option Id="CAPTURE_COMPARE_VALUE" value="eq1&apos;bX"/>
        <Option Id="COMPARE_VALUE.0" value="eq1&apos;bX"/>
        <Option Id="DISPLAY_HINT" value=""/>
        <Option Id="DISPLAY_VISIBILITY" value=""/>
        <Option Id="HW_ILA" value="hw_ila_1"/>
        <Option Id="TRIGGER_COMPARE_VALUE" value="eq1&apos;bX"/>
      </probeOptions>
      <nets>
        <net name="system_i/CSI_VIDEO_tuser"/>
      </nets>
    </probe>
    <probe type="ila" busType="bus" source="netlist" spec="ILA_V2_RT">
      <probeOptions Id="DebugProbeParams">
        <Option Id="CAPTURE_COMPARE_VALUE" value="eq1&apos;bX"/>
        <Option Id="COMPARE_VALUE.0" value="eq1&apos;bX"/>
        <Option Id="DISPLAY_HINT" value=""/>
        <Option Id="DISPLAY_VISIBILITY" value=""/>
        <Option Id="HW_ILA" value="hw_ila_1"/>
        <Option Id="TRIGGER_COMPARE_VALUE" value="eq1&apos;bX"/>
      </probeOptions>
      <nets>
        <net name="system_i/CSI_VIDEO_tuser[0]"/>
      </nets>
    </probe>
    <probe type="ila" busType="net" source="netlist" spec="ILA_V2_RT">
      <probeOptions Id="DebugProbeParams">
        <Option Id="CAPTURE_COMPARE_VALUE" value="eq1&apos;bX"/>
        <Option Id="COMPARE_VALUE.0" value="eq1&apos;bX"/>
        <Option Id="DISPLAY_HINT" value=""/>
        <Option Id="DISPLAY_VISIBILITY" value=""/>
        <Option Id="HW_ILA" value="hw_ila_1"/>
        <Option Id="TRIGGER_COMPARE_VALUE" value="eq1&apos;bX"/>
      </probeOptions>
      <nets>
        <net name="system_i/CSI_VIDEO_tvalid"/>
      </nets>
    </probe>
    <probe type="ila" busType="net" source="netlist" spec="ILA_V2_RT">
      <probeOptions Id="DebugProbeParams">
        <Option Id="CAPTURE_COMPARE_VALUE" value="eq1&apos;bX"/>
        <Option Id="COMPARE_VALUE.0" value="eq1&apos;bX"/>
        <Option Id="DISPLAY_HINT" value=""/>
        <Option Id="DISPLAY_VISIBILITY" value=""/>
        <Option Id="HW_ILA" value="hw_ila_1"/>
        <Option Id="TRIGGER_COMPARE_VALUE" value="eq1&apos;bX"/>
      </probeOptions>
      <nets>
        <net name="system_i/LCD_CLK"/>
      </nets>
    </probe>
    <probe type="ila" busType="net" source="netlist" spec="ILA_V2_RT">
      <probeOptions Id="DebugProbeParams">
        <Option Id="CAPTURE_COMPARE_VALUE" value="eq1&apos;bX"/>
        <Option Id="COMPARE_VALUE.0" value="eq1&apos;bX"/>
        <Option Id="DISPLAY_HINT" value=""/>
        <Option Id="DISPLAY_VISIBILITY" value=""/>
        <Option Id="HW_ILA" value="hw_ila_1"/>
        <Option Id="TRIGGER_COMPARE_VALUE" value="eq1&apos;bX"/>
      </probeOptions>
      <nets>
        <net name="system_i/LCD_DEN"/>
      </nets>
    </probe>
    <probe type="ila" busType="net" source="netlist" spec="ILA_V2_RT">
      <probeOptions Id="DebugProbeParams">
        <Option Id="CAPTURE_COMPARE_VALUE" value="eq1&apos;bX"/>
        <Option Id="COMPARE_VALUE.0" value="eq1&apos;bX"/>
        <Option Id="DISPLAY_HINT" value=""/>
        <Option Id="DISPLAY_VISIBILITY" value=""/>
        <Option Id="HW_ILA" value="hw_ila_1"/>
        <Option Id="TRIGGER_COMPARE_VALUE" value="eq1&apos;bX"/>
      </probeOptions>
      <nets>
        <net name="system_i/LCD_HSD"/>
      </nets>
    </probe>
    <probe type="ila" busType="net" source="netlist" spec="ILA_V2_RT">
      <probeOptions Id="DebugProbeParams">
        <Option Id="CAPTURE_COMPARE_VALUE" value="eq32&apos;hXXXX_XXXX"/>
        <Option Id="COMPARE_VALUE.0" value="eq32&apos;hXXXX_XXXX"/>
        <Option Id="DISPLAY_HINT" value=""/>
        <Option Id="DISPLAY_VISIBILITY" value=""/>
        <Option Id="HW_ILA" value="hw_ila_1"/>
        <Option Id="TRIGGER_COMPARE_VALUE" value="eq32&apos;hXXXX_XXXX"/>
      </probeOptions>
      <nets>
        <net name="system_i/LCD_RGB[31]"/>
        <net name="system_i/LCD_RGB[30]"/>
        <net name="system_i/LCD_RGB[29]"/>
        <net name="system_i/LCD_RGB[28]"/>
        <net name="system_i/LCD_RGB[27]"/>
        <net name="system_i/LCD_RGB[26]"/>
        <net name="system_i/LCD_RGB[25]"/>
        <net name="system_i/LCD_RGB[24]"/>
        <net name="system_i/LCD_RGB[23]"/>
        <net name="system_i/LCD_RGB[22]"/>
        <net name="system_i/LCD_RGB[21]"/>
        <net name="system_i/LCD_RGB[20]"/>
        <net name="system_i/LCD_RGB[19]"/>
        <net name="system_i/LCD_RGB[18]"/>
        <net name="system_i/LCD_RGB[17]"/>
        <net name="system_i/LCD_RGB[16]"/>
        <net name="system_i/LCD_RGB[15]"/>
        <net name="system_i/LCD_RGB[14]"/>
        <net name="system_i/LCD_RGB[13]"/>
        <net name="system_i/LCD_RGB[12]"/>
        <net name="system_i/LCD_RGB[11]"/>
        <net name="system_i/LCD_RGB[10]"/>
        <net name="system_i/LCD_RGB[9]"/>
        <net name="system_i/LCD_RGB[8]"/>
        <net name="system_i/LCD_RGB[7]"/>
        <net name="system_i/LCD_RGB[6]"/>
        <net name="system_i/LCD_RGB[5]"/>
        <net name="system_i/LCD_RGB[4]"/>
        <net name="system_i/LCD_RGB[3]"/>
        <net name="system_i/LCD_RGB[2]"/>
        <net name="system_i/LCD_RGB[1]"/>
        <net name="system_i/LCD_RGB[0]"/>
      </nets>
    </probe>
    <probe type="ila" busType="net" source="netlist" spec="ILA_V2_RT">
      <probeOptions Id="DebugProbeParams">
        <Option Id="CAPTURE_COMPARE_VALUE" value="eq1&apos;bX"/>
        <Option Id="COMPARE_VALUE.0" value="eq1&apos;bX"/>
        <Option Id="DISPLAY_HINT" value=""/>
        <Option Id="DISPLAY_VISIBILITY" value=""/>
        <Option Id="HW_ILA" value="hw_ila_1"/>
        <Option Id="TRIGGER_COMPARE_VALUE" value="eq1&apos;bX"/>
      </probeOptions>
      <nets>
        <net name="system_i/LCD_VSD"/>
      </nets>
    </probe>
    <probe type="ila" busType="bus" source="netlist" spec="ILA_V2_RT">
      <probeOptions Id="DebugProbeParams">
        <Option Id="CAPTURE_COMPARE_VALUE" value="eq32&apos;hXXXX_XXXX"/>
        <Option Id="COMPARE_VALUE.0" value="eq32&apos;hXXXX_XXXX"/>
        <Option Id="DISPLAY_HINT" value=""/>
        <Option Id="DISPLAY_VISIBILITY" value=""/>
        <Option Id="HW_ILA" value="hw_ila_1"/>
        <Option Id="TRIGGER_COMPARE_VALUE" value="eq32&apos;hXXXX_XXXX"/>
      </probeOptions>
      <nets>
        <net name="system_i/axi_camera_lcd_vdma_M_AXI_MM2S_ARADDR[31]"/>
        <net name="system_i/axi_camera_lcd_vdma_M_AXI_MM2S_ARADDR[30]"/>
        <net name="system_i/axi_camera_lcd_vdma_M_AXI_MM2S_ARADDR[29]"/>
        <net name="system_i/axi_camera_lcd_vdma_M_AXI_MM2S_ARADDR[28]"/>
        <net name="system_i/axi_camera_lcd_vdma_M_AXI_MM2S_ARADDR[27]"/>
        <net name="system_i/axi_camera_lcd_vdma_M_AXI_MM2S_ARADDR[26]"/>
        <net name="system_i/axi_camera_lcd_vdma_M_AXI_MM2S_ARADDR[25]"/>
        <net name="system_i/axi_camera_lcd_vdma_M_AXI_MM2S_ARADDR[24]"/>
        <net name="system_i/axi_camera_lcd_vdma_M_AXI_MM2S_ARADDR[23]"/>
        <net name="system_i/axi_camera_lcd_vdma_M_AXI_MM2S_ARADDR[22]"/>
        <net name="system_i/axi_camera_lcd_vdma_M_AXI_MM2S_ARADDR[21]"/>
        <net name="system_i/axi_camera_lcd_vdma_M_AXI_MM2S_ARADDR[20]"/>
        <net name="system_i/axi_camera_lcd_vdma_M_AXI_MM2S_ARADDR[19]"/>
        <net name="system_i/axi_camera_lcd_vdma_M_AXI_MM2S_ARADDR[18]"/>
        <net name="system_i/axi_camera_lcd_vdma_M_AXI_MM2S_ARADDR[17]"/>
        <net name="system_i/axi_camera_lcd_vdma_M_AXI_MM2S_ARADDR[16]"/>
        <net name="system_i/axi_camera_lcd_vdma_M_AXI_MM2S_ARADDR[15]"/>
        <net name="system_i/axi_camera_lcd_vdma_M_AXI_MM2S_ARADDR[14]"/>
        <net name="system_i/axi_camera_lcd_vdma_M_AXI_MM2S_ARADDR[13]"/>
        <net name="system_i/axi_camera_lcd_vdma_M_AXI_MM2S_ARADDR[12]"/>
        <net name="system_i/axi_camera_lcd_vdma_M_AXI_MM2S_ARADDR[11]"/>
        <net name="system_i/axi_camera_lcd_vdma_M_AXI_MM2S_ARADDR[10]"/>
        <net name="system_i/axi_camera_lcd_vdma_M_AXI_MM2S_ARADDR[9]"/>
        <net name="system_i/axi_camera_lcd_vdma_M_AXI_MM2S_ARADDR[8]"/>
        <net name="system_i/axi_camera_lcd_vdma_M_AXI_MM2S_ARADDR[7]"/>
        <net name="system_i/axi_camera_lcd_vdma_M_AXI_MM2S_ARADDR[6]"/>
        <net name="system_i/axi_camera_lcd_vdma_M_AXI_MM2S_ARADDR[5]"/>
        <net name="system_i/axi_camera_lcd_vdma_M_AXI_MM2S_ARADDR[4]"/>
        <net name="system_i/axi_camera_lcd_vdma_M_AXI_MM2S_ARADDR[3]"/>
        <net name="system_i/axi_camera_lcd_vdma_M_AXI_MM2S_ARADDR[2]"/>
        <net name="system_i/axi_camera_lcd_vdma_M_AXI_MM2S_ARADDR[1]"/>
        <net name="system_i/axi_camera_lcd_vdma_M_AXI_MM2S_ARADDR[0]"/>
      </nets>
    </probe>
    <probe type="ila" busType="bus" source="netlist" spec="ILA_V2_RT">
      <probeOptions Id="DebugProbeParams">
        <Option Id="CAPTURE_COMPARE_VALUE" value="eq2&apos;hX"/>
        <Option Id="COMPARE_VALUE.0" value="eq2&apos;hX"/>
        <Option Id="DISPLAY_HINT" value=""/>
        <Option Id="DISPLAY_VISIBILITY" value=""/>
        <Option Id="HW_ILA" value="hw_ila_1"/>
        <Option Id="TRIGGER_COMPARE_VALUE" value="eq2&apos;hX"/>
      </probeOptions>
      <nets>
        <net name="system_i/axi_camera_lcd_vdma_M_AXI_MM2S_ARBURST[1]"/>
        <net name="system_i/axi_camera_lcd_vdma_M_AXI_MM2S_ARBURST[0]"/>
      </nets>
    </probe>
    <probe type="ila" busType="bus" source="netlist" spec="ILA_V2_RT">
      <probeOptions Id="DebugProbeParams">
        <Option Id="CAPTURE_COMPARE_VALUE" value="eq4&apos;hX"/>
        <Option Id="COMPARE_VALUE.0" value="eq4&apos;hX"/>
        <Option Id="DISPLAY_HINT" value=""/>
        <Option Id="DISPLAY_VISIBILITY" value=""/>
        <Option Id="HW_ILA" value="hw_ila_1"/>
        <Option Id="TRIGGER_COMPARE_VALUE" value="eq4&apos;hX"/>
      </probeOptions>
      <nets>
        <net name="system_i/axi_camera_lcd_vdma_M_AXI_MM2S_ARCACHE[3]"/>
        <net name="system_i/axi_camera_lcd_vdma_M_AXI_MM2S_ARCACHE[2]"/>
        <net name="system_i/axi_camera_lcd_vdma_M_AXI_MM2S_ARCACHE[1]"/>
        <net name="system_i/axi_camera_lcd_vdma_M_AXI_MM2S_ARCACHE[0]"/>
      </nets>
    </probe>
    <probe type="ila" busType="bus" source="netlist" spec="ILA_V2_RT">
      <probeOptions Id="DebugProbeParams">
        <Option Id="CAPTURE_COMPARE_VALUE" value="eq8&apos;hXX"/>
        <Option Id="COMPARE_VALUE.0" value="eq8&apos;hXX"/>
        <Option Id="DISPLAY_HINT" value=""/>
        <Option Id="DISPLAY_VISIBILITY" value=""/>
        <Option Id="HW_ILA" value="hw_ila_1"/>
        <Option Id="TRIGGER_COMPARE_VALUE" value="eq8&apos;hXX"/>
      </probeOptions>
      <nets>
        <net name="system_i/axi_camera_lcd_vdma_M_AXI_MM2S_ARLEN[7]"/>
        <net name="system_i/axi_camera_lcd_vdma_M_AXI_MM2S_ARLEN[6]"/>
        <net name="system_i/axi_camera_lcd_vdma_M_AXI_MM2S_ARLEN[5]"/>
        <net name="system_i/axi_camera_lcd_vdma_M_AXI_MM2S_ARLEN[4]"/>
        <net name="system_i/axi_camera_lcd_vdma_M_AXI_MM2S_ARLEN[3]"/>
        <net name="system_i/axi_camera_lcd_vdma_M_AXI_MM2S_ARLEN[2]"/>
        <net name="system_i/axi_camera_lcd_vdma_M_AXI_MM2S_ARLEN[1]"/>
        <net name="system_i/axi_camera_lcd_vdma_M_AXI_MM2S_ARLEN[0]"/>
      </nets>
    </probe>
    <probe type="ila" busType="bus" source="netlist" spec="ILA_V2_RT">
      <probeOptions Id="DebugProbeParams">
        <Option Id="CAPTURE_COMPARE_VALUE" value="eq3&apos;hX"/>
        <Option Id="COMPARE_VALUE.0" value="eq3&apos;hX"/>
        <Option Id="DISPLAY_HINT" value=""/>
        <Option Id="DISPLAY_VISIBILITY" value=""/>
        <Option Id="HW_ILA" value="hw_ila_1"/>
        <Option Id="TRIGGER_COMPARE_VALUE" value="eq3&apos;hX"/>
      </probeOptions>
      <nets>
        <net name="system_i/axi_camera_lcd_vdma_M_AXI_MM2S_ARPROT[2]"/>
        <net name="system_i/axi_camera_lcd_vdma_M_AXI_MM2S_ARPROT[1]"/>
        <net name="system_i/axi_camera_lcd_vdma_M_AXI_MM2S_ARPROT[0]"/>
      </nets>
    </probe>
    <probe type="ila" busType="net" source="netlist" spec="ILA_V2_RT">
      <probeOptions Id="DebugProbeParams">
        <Option Id="CAPTURE_COMPARE_VALUE" value="eq1&apos;bX"/>
        <Option Id="COMPARE_VALUE.0" value="eq1&apos;bX"/>
        <Option Id="DISPLAY_HINT" value=""/>
        <Option Id="DISPLAY_VISIBILITY" value=""/>
        <Option Id="HW_ILA" value="hw_ila_1"/>
        <Option Id="TRIGGER_COMPARE_VALUE" value="eq1&apos;bX"/>
      </probeOptions>
      <nets>
        <net name="system_i/axi_camera_lcd_vdma_M_AXI_MM2S_ARREADY"/>
      </nets>
    </probe>
    <probe type="ila" busType="bus" source="netlist" spec="ILA_V2_RT">
      <probeOptions Id="DebugProbeParams">
        <Option Id="CAPTURE_COMPARE_VALUE" value="eq3&apos;hX"/>
        <Option Id="COMPARE_VALUE.0" value="eq3&apos;hX"/>
        <Option Id="DISPLAY_HINT" value=""/>
        <Option Id="DISPLAY_VISIBILITY" value=""/>
        <Option Id="HW_ILA" value="hw_ila_1"/>
        <Option Id="TRIGGER_COMPARE_VALUE" value="eq3&apos;hX"/>
      </probeOptions>
      <nets>
        <net name="system_i/axi_camera_lcd_vdma_M_AXI_MM2S_ARSIZE[2]"/>
        <net name="system_i/axi_camera_lcd_vdma_M_AXI_MM2S_ARSIZE[1]"/>
        <net name="system_i/axi_camera_lcd_vdma_M_AXI_MM2S_ARSIZE[0]"/>
      </nets>
    </probe>
    <probe type="ila" busType="net" source="netlist" spec="ILA_V2_RT">
      <probeOptions Id="DebugProbeParams">
        <Option Id="CAPTURE_COMPARE_VALUE" value="eq1&apos;bX"/>
        <Option Id="COMPARE_VALUE.0" value="eq1&apos;bX"/>
        <Option Id="DISPLAY_HINT" value=""/>
        <Option Id="DISPLAY_VISIBILITY" value=""/>
        <Option Id="HW_ILA" value="hw_ila_1"/>
        <Option Id="TRIGGER_COMPARE_VALUE" value="eq1&apos;bX"/>
      </probeOptions>
      <nets>
        <net name="system_i/axi_camera_lcd_vdma_M_AXI_MM2S_ARVALID"/>
      </nets>
    </probe>
    <probe type="ila" busType="bus" source="netlist" spec="ILA_V2_RT">
      <probeOptions Id="DebugProbeParams">
        <Option Id="CAPTURE_COMPARE_VALUE" value="eq64&apos;hXXXX_XXXX_XXXX_XXXX"/>
        <Option Id="COMPARE_VALUE.0" value="eq64&apos;hXXXX_XXXX_XXXX_XXXX"/>
        <Option Id="DISPLAY_HINT" value=""/>
        <Option Id="DISPLAY_VISIBILITY" value=""/>
        <Option Id="HW_ILA" value="hw_ila_1"/>
        <Option Id="TRIGGER_COMPARE_VALUE" value="eq64&apos;hXXXX_XXXX_XXXX_XXXX"/>
      </probeOptions>
      <nets>
        <net name="system_i/axi_camera_lcd_vdma_M_AXI_MM2S_RDATA[63]"/>
        <net name="system_i/axi_camera_lcd_vdma_M_AXI_MM2S_RDATA[62]"/>
        <net name="system_i/axi_camera_lcd_vdma_M_AXI_MM2S_RDATA[61]"/>
        <net name="system_i/axi_camera_lcd_vdma_M_AXI_MM2S_RDATA[60]"/>
        <net name="system_i/axi_camera_lcd_vdma_M_AXI_MM2S_RDATA[59]"/>
        <net name="system_i/axi_camera_lcd_vdma_M_AXI_MM2S_RDATA[58]"/>
        <net name="system_i/axi_camera_lcd_vdma_M_AXI_MM2S_RDATA[57]"/>
        <net name="system_i/axi_camera_lcd_vdma_M_AXI_MM2S_RDATA[56]"/>
        <net name="system_i/axi_camera_lcd_vdma_M_AXI_MM2S_RDATA[55]"/>
        <net name="system_i/axi_camera_lcd_vdma_M_AXI_MM2S_RDATA[54]"/>
        <net name="system_i/axi_camera_lcd_vdma_M_AXI_MM2S_RDATA[53]"/>
        <net name="system_i/axi_camera_lcd_vdma_M_AXI_MM2S_RDATA[52]"/>
        <net name="system_i/axi_camera_lcd_vdma_M_AXI_MM2S_RDATA[51]"/>
        <net name="system_i/axi_camera_lcd_vdma_M_AXI_MM2S_RDATA[50]"/>
        <net name="system_i/axi_camera_lcd_vdma_M_AXI_MM2S_RDATA[49]"/>
        <net name="system_i/axi_camera_lcd_vdma_M_AXI_MM2S_RDATA[48]"/>
        <net name="system_i/axi_camera_lcd_vdma_M_AXI_MM2S_RDATA[47]"/>
        <net name="system_i/axi_camera_lcd_vdma_M_AXI_MM2S_RDATA[46]"/>
        <net name="system_i/axi_camera_lcd_vdma_M_AXI_MM2S_RDATA[45]"/>
        <net name="system_i/axi_camera_lcd_vdma_M_AXI_MM2S_RDATA[44]"/>
        <net name="system_i/axi_camera_lcd_vdma_M_AXI_MM2S_RDATA[43]"/>
        <net name="system_i/axi_camera_lcd_vdma_M_AXI_MM2S_RDATA[42]"/>
        <net name="system_i/axi_camera_lcd_vdma_M_AXI_MM2S_RDATA[41]"/>
        <net name="system_i/axi_camera_lcd_vdma_M_AXI_MM2S_RDATA[40]"/>
        <net name="system_i/axi_camera_lcd_vdma_M_AXI_MM2S_RDATA[39]"/>
        <net name="system_i/axi_camera_lcd_vdma_M_AXI_MM2S_RDATA[38]"/>
        <net name="system_i/axi_camera_lcd_vdma_M_AXI_MM2S_RDATA[37]"/>
        <net name="system_i/axi_camera_lcd_vdma_M_AXI_MM2S_RDATA[36]"/>
        <net name="system_i/axi_camera_lcd_vdma_M_AXI_MM2S_RDATA[35]"/>
        <net name="system_i/axi_camera_lcd_vdma_M_AXI_MM2S_RDATA[34]"/>
        <net name="system_i/axi_camera_lcd_vdma_M_AXI_MM2S_RDATA[33]"/>
        <net name="system_i/axi_camera_lcd_vdma_M_AXI_MM2S_RDATA[32]"/>
        <net name="system_i/axi_camera_lcd_vdma_M_AXI_MM2S_RDATA[31]"/>
        <net name="system_i/axi_camera_lcd_vdma_M_AXI_MM2S_RDATA[30]"/>
        <net name="system_i/axi_camera_lcd_vdma_M_AXI_MM2S_RDATA[29]"/>
        <net name="system_i/axi_camera_lcd_vdma_M_AXI_MM2S_RDATA[28]"/>
        <net name="system_i/axi_camera_lcd_vdma_M_AXI_MM2S_RDATA[27]"/>
        <net name="system_i/axi_camera_lcd_vdma_M_AXI_MM2S_RDATA[26]"/>
        <net name="system_i/axi_camera_lcd_vdma_M_AXI_MM2S_RDATA[25]"/>
        <net name="system_i/axi_camera_lcd_vdma_M_AXI_MM2S_RDATA[24]"/>
        <net name="system_i/axi_camera_lcd_vdma_M_AXI_MM2S_RDATA[23]"/>
        <net name="system_i/axi_camera_lcd_vdma_M_AXI_MM2S_RDATA[22]"/>
        <net name="system_i/axi_camera_lcd_vdma_M_AXI_MM2S_RDATA[21]"/>
        <net name="system_i/axi_camera_lcd_vdma_M_AXI_MM2S_RDATA[20]"/>
        <net name="system_i/axi_camera_lcd_vdma_M_AXI_MM2S_RDATA[19]"/>
        <net name="system_i/axi_camera_lcd_vdma_M_AXI_MM2S_RDATA[18]"/>
        <net name="system_i/axi_camera_lcd_vdma_M_AXI_MM2S_RDATA[17]"/>
        <net name="system_i/axi_camera_lcd_vdma_M_AXI_MM2S_RDATA[16]"/>
        <net name="system_i/axi_camera_lcd_vdma_M_AXI_MM2S_RDATA[15]"/>
        <net name="system_i/axi_camera_lcd_vdma_M_AXI_MM2S_RDATA[14]"/>
        <net name="system_i/axi_camera_lcd_vdma_M_AXI_MM2S_RDATA[13]"/>
        <net name="system_i/axi_camera_lcd_vdma_M_AXI_MM2S_RDATA[12]"/>
        <net name="system_i/axi_camera_lcd_vdma_M_AXI_MM2S_RDATA[11]"/>
        <net name="system_i/axi_camera_lcd_vdma_M_AXI_MM2S_RDATA[10]"/>
        <net name="system_i/axi_camera_lcd_vdma_M_AXI_MM2S_RDATA[9]"/>
        <net name="system_i/axi_camera_lcd_vdma_M_AXI_MM2S_RDATA[8]"/>
        <net name="system_i/axi_camera_lcd_vdma_M_AXI_MM2S_RDATA[7]"/>
        <net name="system_i/axi_camera_lcd_vdma_M_AXI_MM2S_RDATA[6]"/>
        <net name="system_i/axi_camera_lcd_vdma_M_AXI_MM2S_RDATA[5]"/>
        <net name="system_i/axi_camera_lcd_vdma_M_AXI_MM2S_RDATA[4]"/>
        <net name="system_i/axi_camera_lcd_vdma_M_AXI_MM2S_RDATA[3]"/>
        <net name="system_i/axi_camera_lcd_vdma_M_AXI_MM2S_RDATA[2]"/>
        <net name="system_i/axi_camera_lcd_vdma_M_AXI_MM2S_RDATA[1]"/>
        <net name="system_i/axi_camera_lcd_vdma_M_AXI_MM2S_RDATA[0]"/>
      </nets>
    </probe>
    <probe type="ila" busType="net" source="netlist" spec="ILA_V2_RT">
      <probeOptions Id="DebugProbeParams">
        <Option Id="CAPTURE_COMPARE_VALUE" value="eq1&apos;bX"/>
        <Option Id="COMPARE_VALUE.0" value="eq1&apos;bX"/>
        <Option Id="DISPLAY_HINT" value=""/>
        <Option Id="DISPLAY_VISIBILITY" value=""/>
        <Option Id="HW_ILA" value="hw_ila_1"/>
        <Option Id="TRIGGER_COMPARE_VALUE" value="eq1&apos;bX"/>
      </probeOptions>
      <nets>
        <net name="system_i/axi_camera_lcd_vdma_M_AXI_MM2S_RLAST"/>
      </nets>
    </probe>
    <probe type="ila" busType="net" source="netlist" spec="ILA_V2_RT">
      <probeOptions Id="DebugProbeParams">
        <Option Id="CAPTURE_COMPARE_VALUE" value="eq1&apos;bX"/>
        <Option Id="COMPARE_VALUE.0" value="eq1&apos;bX"/>
        <Option Id="DISPLAY_HINT" value=""/>
        <Option Id="DISPLAY_VISIBILITY" value=""/>
        <Option Id="HW_ILA" value="hw_ila_1"/>
        <Option Id="TRIGGER_COMPARE_VALUE" value="eq1&apos;bX"/>
      </probeOptions>
      <nets>
        <net name="system_i/axi_camera_lcd_vdma_M_AXI_MM2S_RREADY"/>
      </nets>
    </probe>
    <probe type="ila" busType="bus" source="netlist" spec="ILA_V2_RT">
      <probeOptions Id="DebugProbeParams">
        <Option Id="CAPTURE_COMPARE_VALUE" value="eq2&apos;hX"/>
        <Option Id="COMPARE_VALUE.0" value="eq2&apos;hX"/>
        <Option Id="DISPLAY_HINT" value=""/>
        <Option Id="DISPLAY_VISIBILITY" value=""/>
        <Option Id="HW_ILA" value="hw_ila_1"/>
        <Option Id="TRIGGER_COMPARE_VALUE" value="eq2&apos;hX"/>
      </probeOptions>
      <nets>
        <net name="system_i/axi_camera_lcd_vdma_M_AXI_MM2S_RRESP[1]"/>
        <net name="system_i/axi_camera_lcd_vdma_M_AXI_MM2S_RRESP[0]"/>
      </nets>
    </probe>
    <probe type="ila" busType="net" source="netlist" spec="ILA_V2_RT">
      <probeOptions Id="DebugProbeParams">
        <Option Id="CAPTURE_COMPARE_VALUE" value="eq1&apos;bX"/>
        <Option Id="COMPARE_VALUE.0" value="eq1&apos;bX"/>
        <Option Id="DISPLAY_HINT" value=""/>
        <Option Id="DISPLAY_VISIBILITY" value=""/>
        <Option Id="HW_ILA" value="hw_ila_1"/>
        <Option Id="TRIGGER_COMPARE_VALUE" value="eq1&apos;bX"/>
      </probeOptions>
      <nets>
        <net name="system_i/axi_camera_lcd_vdma_M_AXI_MM2S_RVALID"/>
      </nets>
    </probe>
    <probe type="ila" busType="bus" source="netlist" spec="ILA_V2_RT">
      <probeOptions Id="DebugProbeParams">
        <Option Id="CAPTURE_COMPARE_VALUE" value="eq32&apos;hXXXX_XXXX"/>
        <Option Id="COMPARE_VALUE.0" value="eq32&apos;hXXXX_XXXX"/>
        <Option Id="DISPLAY_HINT" value=""/>
        <Option Id="DISPLAY_VISIBILITY" value=""/>
        <Option Id="HW_ILA" value="hw_ila_1"/>
        <Option Id="TRIGGER_COMPARE_VALUE" value="eq32&apos;hXXXX_XXXX"/>
      </probeOptions>
      <nets>
        <net name="system_i/axi_camera_lcd_vdma_M_AXI_S2MM_AWADDR[31]"/>
        <net name="system_i/axi_camera_lcd_vdma_M_AXI_S2MM_AWADDR[30]"/>
        <net name="system_i/axi_camera_lcd_vdma_M_AXI_S2MM_AWADDR[29]"/>
        <net name="system_i/axi_camera_lcd_vdma_M_AXI_S2MM_AWADDR[28]"/>
        <net name="system_i/axi_camera_lcd_vdma_M_AXI_S2MM_AWADDR[27]"/>
        <net name="system_i/axi_camera_lcd_vdma_M_AXI_S2MM_AWADDR[26]"/>
        <net name="system_i/axi_camera_lcd_vdma_M_AXI_S2MM_AWADDR[25]"/>
        <net name="system_i/axi_camera_lcd_vdma_M_AXI_S2MM_AWADDR[24]"/>
        <net name="system_i/axi_camera_lcd_vdma_M_AXI_S2MM_AWADDR[23]"/>
        <net name="system_i/axi_camera_lcd_vdma_M_AXI_S2MM_AWADDR[22]"/>
        <net name="system_i/axi_camera_lcd_vdma_M_AXI_S2MM_AWADDR[21]"/>
        <net name="system_i/axi_camera_lcd_vdma_M_AXI_S2MM_AWADDR[20]"/>
        <net name="system_i/axi_camera_lcd_vdma_M_AXI_S2MM_AWADDR[19]"/>
        <net name="system_i/axi_camera_lcd_vdma_M_AXI_S2MM_AWADDR[18]"/>
        <net name="system_i/axi_camera_lcd_vdma_M_AXI_S2MM_AWADDR[17]"/>
        <net name="system_i/axi_camera_lcd_vdma_M_AXI_S2MM_AWADDR[16]"/>
        <net name="system_i/axi_camera_lcd_vdma_M_AXI_S2MM_AWADDR[15]"/>
        <net name="system_i/axi_camera_lcd_vdma_M_AXI_S2MM_AWADDR[14]"/>
        <net name="system_i/axi_camera_lcd_vdma_M_AXI_S2MM_AWADDR[13]"/>
        <net name="system_i/axi_camera_lcd_vdma_M_AXI_S2MM_AWADDR[12]"/>
        <net name="system_i/axi_camera_lcd_vdma_M_AXI_S2MM_AWADDR[11]"/>
        <net name="system_i/axi_camera_lcd_vdma_M_AXI_S2MM_AWADDR[10]"/>
        <net name="system_i/axi_camera_lcd_vdma_M_AXI_S2MM_AWADDR[9]"/>
        <net name="system_i/axi_camera_lcd_vdma_M_AXI_S2MM_AWADDR[8]"/>
        <net name="system_i/axi_camera_lcd_vdma_M_AXI_S2MM_AWADDR[7]"/>
        <net name="system_i/axi_camera_lcd_vdma_M_AXI_S2MM_AWADDR[6]"/>
        <net name="system_i/axi_camera_lcd_vdma_M_AXI_S2MM_AWADDR[5]"/>
        <net name="system_i/axi_camera_lcd_vdma_M_AXI_S2MM_AWADDR[4]"/>
        <net name="system_i/axi_camera_lcd_vdma_M_AXI_S2MM_AWADDR[3]"/>
        <net name="system_i/axi_camera_lcd_vdma_M_AXI_S2MM_AWADDR[2]"/>
        <net name="system_i/axi_camera_lcd_vdma_M_AXI_S2MM_AWADDR[1]"/>
        <net name="system_i/axi_camera_lcd_vdma_M_AXI_S2MM_AWADDR[0]"/>
      </nets>
    </probe>
    <probe type="ila" busType="bus" source="netlist" spec="ILA_V2_RT">
      <probeOptions Id="DebugProbeParams">
        <Option Id="CAPTURE_COMPARE_VALUE" value="eq2&apos;hX"/>
        <Option Id="COMPARE_VALUE.0" value="eq2&apos;hX"/>
        <Option Id="DISPLAY_HINT" value=""/>
        <Option Id="DISPLAY_VISIBILITY" value=""/>
        <Option Id="HW_ILA" value="hw_ila_1"/>
        <Option Id="TRIGGER_COMPARE_VALUE" value="eq2&apos;hX"/>
      </probeOptions>
      <nets>
        <net name="system_i/axi_camera_lcd_vdma_M_AXI_S2MM_AWBURST[1]"/>
        <net name="system_i/axi_camera_lcd_vdma_M_AXI_S2MM_AWBURST[0]"/>
      </nets>
    </probe>
    <probe type="ila" busType="bus" source="netlist" spec="ILA_V2_RT">
      <probeOptions Id="DebugProbeParams">
        <Option Id="CAPTURE_COMPARE_VALUE" value="eq4&apos;hX"/>
        <Option Id="COMPARE_VALUE.0" value="eq4&apos;hX"/>
        <Option Id="DISPLAY_HINT" value=""/>
        <Option Id="DISPLAY_VISIBILITY" value=""/>
        <Option Id="HW_ILA" value="hw_ila_1"/>
        <Option Id="TRIGGER_COMPARE_VALUE" value="eq4&apos;hX"/>
      </probeOptions>
      <nets>
        <net name="system_i/axi_camera_lcd_vdma_M_AXI_S2MM_AWCACHE[3]"/>
        <net name="system_i/axi_camera_lcd_vdma_M_AXI_S2MM_AWCACHE[2]"/>
        <net name="system_i/axi_camera_lcd_vdma_M_AXI_S2MM_AWCACHE[1]"/>
        <net name="system_i/axi_camera_lcd_vdma_M_AXI_S2MM_AWCACHE[0]"/>
      </nets>
    </probe>
    <probe type="ila" busType="bus" source="netlist" spec="ILA_V2_RT">
      <probeOptions Id="DebugProbeParams">
        <Option Id="CAPTURE_COMPARE_VALUE" value="eq8&apos;hXX"/>
        <Option Id="COMPARE_VALUE.0" value="eq8&apos;hXX"/>
        <Option Id="DISPLAY_HINT" value=""/>
        <Option Id="DISPLAY_VISIBILITY" value=""/>
        <Option Id="HW_ILA" value="hw_ila_1"/>
        <Option Id="TRIGGER_COMPARE_VALUE" value="eq8&apos;hXX"/>
      </probeOptions>
      <nets>
        <net name="system_i/axi_camera_lcd_vdma_M_AXI_S2MM_AWLEN[7]"/>
        <net name="system_i/axi_camera_lcd_vdma_M_AXI_S2MM_AWLEN[6]"/>
        <net name="system_i/axi_camera_lcd_vdma_M_AXI_S2MM_AWLEN[5]"/>
        <net name="system_i/axi_camera_lcd_vdma_M_AXI_S2MM_AWLEN[4]"/>
        <net name="system_i/axi_camera_lcd_vdma_M_AXI_S2MM_AWLEN[3]"/>
        <net name="system_i/axi_camera_lcd_vdma_M_AXI_S2MM_AWLEN[2]"/>
        <net name="system_i/axi_camera_lcd_vdma_M_AXI_S2MM_AWLEN[1]"/>
        <net name="system_i/axi_camera_lcd_vdma_M_AXI_S2MM_AWLEN[0]"/>
      </nets>
    </probe>
    <probe type="ila" busType="bus" source="netlist" spec="ILA_V2_RT">
      <probeOptions Id="DebugProbeParams">
        <Option Id="CAPTURE_COMPARE_VALUE" value="eq3&apos;hX"/>
        <Option Id="COMPARE_VALUE.0" value="eq3&apos;hX"/>
        <Option Id="DISPLAY_HINT" value=""/>
        <Option Id="DISPLAY_VISIBILITY" value=""/>
        <Option Id="HW_ILA" value="hw_ila_1"/>
        <Option Id="TRIGGER_COMPARE_VALUE" value="eq3&apos;hX"/>
      </probeOptions>
      <nets>
        <net name="system_i/axi_camera_lcd_vdma_M_AXI_S2MM_AWPROT[2]"/>
        <net name="system_i/axi_camera_lcd_vdma_M_AXI_S2MM_AWPROT[1]"/>
        <net name="system_i/axi_camera_lcd_vdma_M_AXI_S2MM_AWPROT[0]"/>
      </nets>
    </probe>
    <probe type="ila" busType="net" source="netlist" spec="ILA_V2_RT">
      <probeOptions Id="DebugProbeParams">
        <Option Id="CAPTURE_COMPARE_VALUE" value="eq1&apos;bX"/>
        <Option Id="COMPARE_VALUE.0" value="eq1&apos;bX"/>
        <Option Id="DISPLAY_HINT" value=""/>
        <Option Id="DISPLAY_VISIBILITY" value=""/>
        <Option Id="HW_ILA" value="hw_ila_1"/>
        <Option Id="TRIGGER_COMPARE_VALUE" value="eq1&apos;bX"/>
      </probeOptions>
      <nets>
        <net name="system_i/axi_camera_lcd_vdma_M_AXI_S2MM_AWREADY"/>
      </nets>
    </probe>
    <probe type="ila" busType="bus" source="netlist" spec="ILA_V2_RT">
      <probeOptions Id="DebugProbeParams">
        <Option Id="CAPTURE_COMPARE_VALUE" value="eq3&apos;hX"/>
        <Option Id="COMPARE_VALUE.0" value="eq3&apos;hX"/>
        <Option Id="DISPLAY_HINT" value=""/>
        <Option Id="DISPLAY_VISIBILITY" value=""/>
        <Option Id="HW_ILA" value="hw_ila_1"/>
        <Option Id="TRIGGER_COMPARE_VALUE" value="eq3&apos;hX"/>
      </probeOptions>
      <nets>
        <net name="system_i/axi_camera_lcd_vdma_M_AXI_S2MM_AWSIZE[2]"/>
        <net name="system_i/axi_camera_lcd_vdma_M_AXI_S2MM_AWSIZE[1]"/>
        <net name="system_i/axi_camera_lcd_vdma_M_AXI_S2MM_AWSIZE[0]"/>
      </nets>
    </probe>
    <probe type="ila" busType="net" source="netlist" spec="ILA_V2_RT">
      <probeOptions Id="DebugProbeParams">
        <Option Id="CAPTURE_COMPARE_VALUE" value="eq1&apos;bX"/>
        <Option Id="COMPARE_VALUE.0" value="eq1&apos;bX"/>
        <Option Id="DISPLAY_HINT" value=""/>
        <Option Id="DISPLAY_VISIBILITY" value=""/>
        <Option Id="HW_ILA" value="hw_ila_1"/>
        <Option Id="TRIGGER_COMPARE_VALUE" value="eq1&apos;bX"/>
      </probeOptions>
      <nets>
        <net name="system_i/axi_camera_lcd_vdma_M_AXI_S2MM_AWVALID"/>
      </nets>
    </probe>
    <probe type="ila" busType="net" source="netlist" spec="ILA_V2_RT">
      <probeOptions Id="DebugProbeParams">
        <Option Id="CAPTURE_COMPARE_VALUE" value="eq1&apos;bX"/>
        <Option Id="COMPARE_VALUE.0" value="eq1&apos;bX"/>
        <Option Id="DISPLAY_HINT" value=""/>
        <Option Id="DISPLAY_VISIBILITY" value=""/>
        <Option Id="HW_ILA" value="hw_ila_1"/>
        <Option Id="TRIGGER_COMPARE_VALUE" value="eq1&apos;bX"/>
      </probeOptions>
      <nets>
        <net name="system_i/axi_camera_lcd_vdma_M_AXI_S2MM_BREADY"/>
      </nets>
    </probe>
    <probe type="ila" busType="bus" source="netlist" spec="ILA_V2_RT">
      <probeOptions Id="DebugProbeParams">
        <Option Id="CAPTURE_COMPARE_VALUE" value="eq2&apos;hX"/>
        <Option Id="COMPARE_VALUE.0" value="eq2&apos;hX"/>
        <Option Id="DISPLAY_HINT" value=""/>
        <Option Id="DISPLAY_VISIBILITY" value=""/>
        <Option Id="HW_ILA" value="hw_ila_1"/>
        <Option Id="TRIGGER_COMPARE_VALUE" value="eq2&apos;hX"/>
      </probeOptions>
      <nets>
        <net name="system_i/axi_camera_lcd_vdma_M_AXI_S2MM_BRESP[1]"/>
        <net name="system_i/axi_camera_lcd_vdma_M_AXI_S2MM_BRESP[0]"/>
      </nets>
    </probe>
    <probe type="ila" busType="net" source="netlist" spec="ILA_V2_RT">
      <probeOptions Id="DebugProbeParams">
        <Option Id="CAPTURE_COMPARE_VALUE" value="eq1&apos;bX"/>
        <Option Id="COMPARE_VALUE.0" value="eq1&apos;bX"/>
        <Option Id="DISPLAY_HINT" value=""/>
        <Option Id="DISPLAY_VISIBILITY" value=""/>
        <Option Id="HW_ILA" value="hw_ila_1"/>
        <Option Id="TRIGGER_COMPARE_VALUE" value="eq1&apos;bX"/>
      </probeOptions>
      <nets>
        <net name="system_i/axi_camera_lcd_vdma_M_AXI_S2MM_BVALID"/>
      </nets>
    </probe>
    <probe type="ila" busType="bus" source="netlist" spec="ILA_V2_RT">
      <probeOptions Id="DebugProbeParams">
        <Option Id="CAPTURE_COMPARE_VALUE" value="eq64&apos;hXXXX_XXXX_XXXX_XXXX"/>
        <Option Id="COMPARE_VALUE.0" value="eq64&apos;hXXXX_XXXX_XXXX_XXXX"/>
        <Option Id="DISPLAY_HINT" value=""/>
        <Option Id="DISPLAY_VISIBILITY" value=""/>
        <Option Id="HW_ILA" value="hw_ila_1"/>
        <Option Id="TRIGGER_COMPARE_VALUE" value="eq64&apos;hXXXX_XXXX_XXXX_XXXX"/>
      </probeOptions>
      <nets>
        <net name="system_i/axi_camera_lcd_vdma_M_AXI_S2MM_WDATA[63]"/>
        <net name="system_i/axi_camera_lcd_vdma_M_AXI_S2MM_WDATA[62]"/>
        <net name="system_i/axi_camera_lcd_vdma_M_AXI_S2MM_WDATA[61]"/>
        <net name="system_i/axi_camera_lcd_vdma_M_AXI_S2MM_WDATA[60]"/>
        <net name="system_i/axi_camera_lcd_vdma_M_AXI_S2MM_WDATA[59]"/>
        <net name="system_i/axi_camera_lcd_vdma_M_AXI_S2MM_WDATA[58]"/>
        <net name="system_i/axi_camera_lcd_vdma_M_AXI_S2MM_WDATA[57]"/>
        <net name="system_i/axi_camera_lcd_vdma_M_AXI_S2MM_WDATA[56]"/>
        <net name="system_i/axi_camera_lcd_vdma_M_AXI_S2MM_WDATA[55]"/>
        <net name="system_i/axi_camera_lcd_vdma_M_AXI_S2MM_WDATA[54]"/>
        <net name="system_i/axi_camera_lcd_vdma_M_AXI_S2MM_WDATA[53]"/>
        <net name="system_i/axi_camera_lcd_vdma_M_AXI_S2MM_WDATA[52]"/>
        <net name="system_i/axi_camera_lcd_vdma_M_AXI_S2MM_WDATA[51]"/>
        <net name="system_i/axi_camera_lcd_vdma_M_AXI_S2MM_WDATA[50]"/>
        <net name="system_i/axi_camera_lcd_vdma_M_AXI_S2MM_WDATA[49]"/>
        <net name="system_i/axi_camera_lcd_vdma_M_AXI_S2MM_WDATA[48]"/>
        <net name="system_i/axi_camera_lcd_vdma_M_AXI_S2MM_WDATA[47]"/>
        <net name="system_i/axi_camera_lcd_vdma_M_AXI_S2MM_WDATA[46]"/>
        <net name="system_i/axi_camera_lcd_vdma_M_AXI_S2MM_WDATA[45]"/>
        <net name="system_i/axi_camera_lcd_vdma_M_AXI_S2MM_WDATA[44]"/>
        <net name="system_i/axi_camera_lcd_vdma_M_AXI_S2MM_WDATA[43]"/>
        <net name="system_i/axi_camera_lcd_vdma_M_AXI_S2MM_WDATA[42]"/>
        <net name="system_i/axi_camera_lcd_vdma_M_AXI_S2MM_WDATA[41]"/>
        <net name="system_i/axi_camera_lcd_vdma_M_AXI_S2MM_WDATA[40]"/>
        <net name="system_i/axi_camera_lcd_vdma_M_AXI_S2MM_WDATA[39]"/>
        <net name="system_i/axi_camera_lcd_vdma_M_AXI_S2MM_WDATA[38]"/>
        <net name="system_i/axi_camera_lcd_vdma_M_AXI_S2MM_WDATA[37]"/>
        <net name="system_i/axi_camera_lcd_vdma_M_AXI_S2MM_WDATA[36]"/>
        <net name="system_i/axi_camera_lcd_vdma_M_AXI_S2MM_WDATA[35]"/>
        <net name="system_i/axi_camera_lcd_vdma_M_AXI_S2MM_WDATA[34]"/>
        <net name="system_i/axi_camera_lcd_vdma_M_AXI_S2MM_WDATA[33]"/>
        <net name="system_i/axi_camera_lcd_vdma_M_AXI_S2MM_WDATA[32]"/>
        <net name="system_i/axi_camera_lcd_vdma_M_AXI_S2MM_WDATA[31]"/>
        <net name="system_i/axi_camera_lcd_vdma_M_AXI_S2MM_WDATA[30]"/>
        <net name="system_i/axi_camera_lcd_vdma_M_AXI_S2MM_WDATA[29]"/>
        <net name="system_i/axi_camera_lcd_vdma_M_AXI_S2MM_WDATA[28]"/>
        <net name="system_i/axi_camera_lcd_vdma_M_AXI_S2MM_WDATA[27]"/>
        <net name="system_i/axi_camera_lcd_vdma_M_AXI_S2MM_WDATA[26]"/>
        <net name="system_i/axi_camera_lcd_vdma_M_AXI_S2MM_WDATA[25]"/>
        <net name="system_i/axi_camera_lcd_vdma_M_AXI_S2MM_WDATA[24]"/>
        <net name="system_i/axi_camera_lcd_vdma_M_AXI_S2MM_WDATA[23]"/>
        <net name="system_i/axi_camera_lcd_vdma_M_AXI_S2MM_WDATA[22]"/>
        <net name="system_i/axi_camera_lcd_vdma_M_AXI_S2MM_WDATA[21]"/>
        <net name="system_i/axi_camera_lcd_vdma_M_AXI_S2MM_WDATA[20]"/>
        <net name="system_i/axi_camera_lcd_vdma_M_AXI_S2MM_WDATA[19]"/>
        <net name="system_i/axi_camera_lcd_vdma_M_AXI_S2MM_WDATA[18]"/>
        <net name="system_i/axi_camera_lcd_vdma_M_AXI_S2MM_WDATA[17]"/>
        <net name="system_i/axi_camera_lcd_vdma_M_AXI_S2MM_WDATA[16]"/>
        <net name="system_i/axi_camera_lcd_vdma_M_AXI_S2MM_WDATA[15]"/>
        <net name="system_i/axi_camera_lcd_vdma_M_AXI_S2MM_WDATA[14]"/>
        <net name="system_i/axi_camera_lcd_vdma_M_AXI_S2MM_WDATA[13]"/>
        <net name="system_i/axi_camera_lcd_vdma_M_AXI_S2MM_WDATA[12]"/>
        <net name="system_i/axi_camera_lcd_vdma_M_AXI_S2MM_WDATA[11]"/>
        <net name="system_i/axi_camera_lcd_vdma_M_AXI_S2MM_WDATA[10]"/>
        <net name="system_i/axi_camera_lcd_vdma_M_AXI_S2MM_WDATA[9]"/>
        <net name="system_i/axi_camera_lcd_vdma_M_AXI_S2MM_WDATA[8]"/>
        <net name="system_i/axi_camera_lcd_vdma_M_AXI_S2MM_WDATA[7]"/>
        <net name="system_i/axi_camera_lcd_vdma_M_AXI_S2MM_WDATA[6]"/>
        <net name="system_i/axi_camera_lcd_vdma_M_AXI_S2MM_WDATA[5]"/>
        <net name="system_i/axi_camera_lcd_vdma_M_AXI_S2MM_WDATA[4]"/>
        <net name="system_i/axi_camera_lcd_vdma_M_AXI_S2MM_WDATA[3]"/>
        <net name="system_i/axi_camera_lcd_vdma_M_AXI_S2MM_WDATA[2]"/>
        <net name="system_i/axi_camera_lcd_vdma_M_AXI_S2MM_WDATA[1]"/>
        <net name="system_i/axi_camera_lcd_vdma_M_AXI_S2MM_WDATA[0]"/>
      </nets>
    </probe>
    <probe type="ila" busType="net" source="netlist" spec="ILA_V2_RT">
      <probeOptions Id="DebugProbeParams">
        <Option Id="CAPTURE_COMPARE_VALUE" value="eq1&apos;bX"/>
        <Option Id="COMPARE_VALUE.0" value="eq1&apos;bX"/>
        <Option Id="DISPLAY_HINT" value=""/>
        <Option Id="DISPLAY_VISIBILITY" value=""/>
        <Option Id="HW_ILA" value="hw_ila_1"/>
        <Option Id="TRIGGER_COMPARE_VALUE" value="eq1&apos;bX"/>
      </probeOptions>
      <nets>
        <net name="system_i/axi_camera_lcd_vdma_M_AXI_S2MM_WLAST"/>
      </nets>
    </probe>
    <probe type="ila" busType="net" source="netlist" spec="ILA_V2_RT">
      <probeOptions Id="DebugProbeParams">
        <Option Id="CAPTURE_COMPARE_VALUE" value="eq1&apos;bX"/>
        <Option Id="COMPARE_VALUE.0" value="eq1&apos;bX"/>
        <Option Id="DISPLAY_HINT" value=""/>
        <Option Id="DISPLAY_VISIBILITY" value=""/>
        <Option Id="HW_ILA" value="hw_ila_1"/>
        <Option Id="TRIGGER_COMPARE_VALUE" value="eq1&apos;bX"/>
      </probeOptions>
      <nets>
        <net name="system_i/axi_camera_lcd_vdma_M_AXI_S2MM_WREADY"/>
      </nets>
    </probe>
    <probe type="ila" busType="bus" source="netlist" spec="ILA_V2_RT">
      <probeOptions Id="DebugProbeParams">
        <Option Id="CAPTURE_COMPARE_VALUE" value="eq8&apos;hXX"/>
        <Option Id="COMPARE_VALUE.0" value="eq8&apos;hXX"/>
        <Option Id="DISPLAY_HINT" value=""/>
        <Option Id="DISPLAY_VISIBILITY" value=""/>
        <Option Id="HW_ILA" value="hw_ila_1"/>
        <Option Id="TRIGGER_COMPARE_VALUE" value="eq8&apos;hXX"/>
      </probeOptions>
      <nets>
        <net name="system_i/axi_camera_lcd_vdma_M_AXI_S2MM_WSTRB[7]"/>
        <net name="system_i/axi_camera_lcd_vdma_M_AXI_S2MM_WSTRB[6]"/>
        <net name="system_i/axi_camera_lcd_vdma_M_AXI_S2MM_WSTRB[5]"/>
        <net name="system_i/axi_camera_lcd_vdma_M_AXI_S2MM_WSTRB[4]"/>
        <net name="system_i/axi_camera_lcd_vdma_M_AXI_S2MM_WSTRB[3]"/>
        <net name="system_i/axi_camera_lcd_vdma_M_AXI_S2MM_WSTRB[2]"/>
        <net name="system_i/axi_camera_lcd_vdma_M_AXI_S2MM_WSTRB[1]"/>
        <net name="system_i/axi_camera_lcd_vdma_M_AXI_S2MM_WSTRB[0]"/>
      </nets>
    </probe>
    <probe type="ila" busType="net" source="netlist" spec="ILA_V2_RT">
      <probeOptions Id="DebugProbeParams">
        <Option Id="CAPTURE_COMPARE_VALUE" value="eq1&apos;bX"/>
        <Option Id="COMPARE_VALUE.0" value="eq1&apos;b1"/>
        <Option Id="DISPLAY_HINT" value=""/>
        <Option Id="DISPLAY_VISIBILITY" value=""/>
        <Option Id="HW_ILA" value="hw_ila_1"/>
        <Option Id="TRIGGER_COMPARE_VALUE" value="eq1&apos;b1"/>
      </probeOptions>
      <nets>
        <net name="system_i/axi_camera_lcd_vdma_M_AXI_S2MM_WVALID"/>
      </nets>
    </probe>
    <probe type="ila" busType="bus" source="netlist" spec="ILA_V2_RT">
      <probeOptions Id="DebugProbeParams">
        <Option Id="CAPTURE_COMPARE_VALUE" value="eq32&apos;hXXXX_XXXX"/>
        <Option Id="COMPARE_VALUE.0" value="eq32&apos;hXXXX_XXXX"/>
        <Option Id="DISPLAY_HINT" value=""/>
        <Option Id="DISPLAY_VISIBILITY" value=""/>
        <Option Id="HW_ILA" value="hw_ila_1"/>
        <Option Id="TRIGGER_COMPARE_VALUE" value="eq32&apos;hXXXX_XXXX"/>
      </probeOptions>
      <nets>
        <net name="system_i/axi_camera_lcd_vdma_m_axis_mm2s_tdata[31]"/>
        <net name="system_i/axi_camera_lcd_vdma_m_axis_mm2s_tdata[30]"/>
        <net name="system_i/axi_camera_lcd_vdma_m_axis_mm2s_tdata[29]"/>
        <net name="system_i/axi_camera_lcd_vdma_m_axis_mm2s_tdata[28]"/>
        <net name="system_i/axi_camera_lcd_vdma_m_axis_mm2s_tdata[27]"/>
        <net name="system_i/axi_camera_lcd_vdma_m_axis_mm2s_tdata[26]"/>
        <net name="system_i/axi_camera_lcd_vdma_m_axis_mm2s_tdata[25]"/>
        <net name="system_i/axi_camera_lcd_vdma_m_axis_mm2s_tdata[24]"/>
        <net name="system_i/axi_camera_lcd_vdma_m_axis_mm2s_tdata[23]"/>
        <net name="system_i/axi_camera_lcd_vdma_m_axis_mm2s_tdata[22]"/>
        <net name="system_i/axi_camera_lcd_vdma_m_axis_mm2s_tdata[21]"/>
        <net name="system_i/axi_camera_lcd_vdma_m_axis_mm2s_tdata[20]"/>
        <net name="system_i/axi_camera_lcd_vdma_m_axis_mm2s_tdata[19]"/>
        <net name="system_i/axi_camera_lcd_vdma_m_axis_mm2s_tdata[18]"/>
        <net name="system_i/axi_camera_lcd_vdma_m_axis_mm2s_tdata[17]"/>
        <net name="system_i/axi_camera_lcd_vdma_m_axis_mm2s_tdata[16]"/>
        <net name="system_i/axi_camera_lcd_vdma_m_axis_mm2s_tdata[15]"/>
        <net name="system_i/axi_camera_lcd_vdma_m_axis_mm2s_tdata[14]"/>
        <net name="system_i/axi_camera_lcd_vdma_m_axis_mm2s_tdata[13]"/>
        <net name="system_i/axi_camera_lcd_vdma_m_axis_mm2s_tdata[12]"/>
        <net name="system_i/axi_camera_lcd_vdma_m_axis_mm2s_tdata[11]"/>
        <net name="system_i/axi_camera_lcd_vdma_m_axis_mm2s_tdata[10]"/>
        <net name="system_i/axi_camera_lcd_vdma_m_axis_mm2s_tdata[9]"/>
        <net name="system_i/axi_camera_lcd_vdma_m_axis_mm2s_tdata[8]"/>
        <net name="system_i/axi_camera_lcd_vdma_m_axis_mm2s_tdata[7]"/>
        <net name="system_i/axi_camera_lcd_vdma_m_axis_mm2s_tdata[6]"/>
        <net name="system_i/axi_camera_lcd_vdma_m_axis_mm2s_tdata[5]"/>
        <net name="system_i/axi_camera_lcd_vdma_m_axis_mm2s_tdata[4]"/>
        <net name="system_i/axi_camera_lcd_vdma_m_axis_mm2s_tdata[3]"/>
        <net name="system_i/axi_camera_lcd_vdma_m_axis_mm2s_tdata[2]"/>
        <net name="system_i/axi_camera_lcd_vdma_m_axis_mm2s_tdata[1]"/>
        <net name="system_i/axi_camera_lcd_vdma_m_axis_mm2s_tdata[0]"/>
      </nets>
    </probe>
    <probe type="ila" busType="net" source="netlist" spec="ILA_V2_RT">
      <probeOptions Id="DebugProbeParams">
        <Option Id="CAPTURE_COMPARE_VALUE" value="eq1&apos;bX"/>
        <Option Id="COMPARE_VALUE.0" value="eq1&apos;bX"/>
        <Option Id="DISPLAY_HINT" value=""/>
        <Option Id="DISPLAY_VISIBILITY" value=""/>
        <Option Id="HW_ILA" value="hw_ila_1"/>
        <Option Id="TRIGGER_COMPARE_VALUE" value="eq1&apos;bX"/>
      </probeOptions>
      <nets>
        <net name="system_i/axi_camera_lcd_vdma_m_axis_mm2s_tlast"/>
      </nets>
    </probe>
    <probe type="ila" busType="net" source="netlist" spec="ILA_V2_RT">
      <probeOptions Id="DebugProbeParams">
        <Option Id="CAPTURE_COMPARE_VALUE" value="eq1&apos;bX"/>
        <Option Id="COMPARE_VALUE.0" value="eq1&apos;bX"/>
        <Option Id="DISPLAY_HINT" value=""/>
        <Option Id="DISPLAY_VISIBILITY" value=""/>
        <Option Id="HW_ILA" value="hw_ila_1"/>
        <Option Id="TRIGGER_COMPARE_VALUE" value="eq1&apos;bX"/>
      </probeOptions>
      <nets>
        <net name="system_i/axi_camera_lcd_vdma_m_axis_mm2s_tuser"/>
      </nets>
    </probe>
    <probe type="ila" busType="net" source="netlist" spec="ILA_V2_RT">
      <probeOptions Id="DebugProbeParams">
        <Option Id="CAPTURE_COMPARE_VALUE" value="eq1&apos;bX"/>
        <Option Id="COMPARE_VALUE.0" value="eq1&apos;bX"/>
        <Option Id="DISPLAY_HINT" value=""/>
        <Option Id="DISPLAY_VISIBILITY" value=""/>
        <Option Id="HW_ILA" value="hw_ila_1"/>
        <Option Id="TRIGGER_COMPARE_VALUE" value="eq1&apos;bX"/>
      </probeOptions>
      <nets>
        <net name="system_i/axi_camera_lcd_vdma_m_axis_mm2s_tvalid"/>
      </nets>
    </probe>
    <probe type="ila" busType="net" source="netlist" spec="ILA_V2_RT">
      <probeOptions Id="DebugProbeParams">
        <Option Id="CAPTURE_COMPARE_VALUE" value="eq1&apos;bX"/>
        <Option Id="COMPARE_VALUE.0" value="eq1&apos;bX"/>
        <Option Id="DISPLAY_HINT" value=""/>
        <Option Id="DISPLAY_VISIBILITY" value=""/>
        <Option Id="HW_ILA" value="hw_ila_1"/>
        <Option Id="TRIGGER_COMPARE_VALUE" value="eq1&apos;bX"/>
      </probeOptions>
      <nets>
        <net name="system_i/axi_camera_lcd_vdma_mm2s_introut"/>
      </nets>
    </probe>
    <probe type="ila" busType="net" source="netlist" spec="ILA_V2_RT">
      <probeOptions Id="DebugProbeParams">
        <Option Id="CAPTURE_COMPARE_VALUE" value="eq1&apos;bX"/>
        <Option Id="COMPARE_VALUE.0" value="eq1&apos;bX"/>
        <Option Id="DISPLAY_HINT" value=""/>
        <Option Id="DISPLAY_VISIBILITY" value=""/>
        <Option Id="HW_ILA" value="hw_ila_1"/>
        <Option Id="TRIGGER_COMPARE_VALUE" value="eq1&apos;bX"/>
      </probeOptions>
      <nets>
        <net name="system_i/axi_camera_lcd_vdma_s2mm_introut"/>
      </nets>
    </probe>
    <probe type="ila" busType="net" source="netlist" spec="ILA_V2_RT">
      <probeOptions Id="DebugProbeParams">
        <Option Id="CAPTURE_COMPARE_VALUE" value="eq1&apos;bX"/>
        <Option Id="COMPARE_VALUE.0" value="eq1&apos;bX"/>
        <Option Id="DISPLAY_HINT" value=""/>
        <Option Id="DISPLAY_VISIBILITY" value=""/>
        <Option Id="HW_ILA" value="hw_ila_1"/>
        <Option Id="TRIGGER_COMPARE_VALUE" value="eq1&apos;bX"/>
      </probeOptions>
      <nets>
        <net name="system_i/v_axi4s_vid_out_0/empty"/>
      </nets>
    </probe>
    <probe type="ila" busType="net" source="netlist" spec="ILA_V2_RT">
      <probeOptions Id="DebugProbeParams">
        <Option Id="CAPTURE_COMPARE_VALUE" value="eq1&apos;bX"/>
        <Option Id="COMPARE_VALUE.0" value="eq1&apos;bX"/>
        <Option Id="DISPLAY_HINT" value=""/>
        <Option Id="DISPLAY_VISIBILITY" value=""/>
        <Option Id="HW_ILA" value="hw_ila_1"/>
        <Option Id="TRIGGER_COMPARE_VALUE" value="eq1&apos;bX"/>
      </probeOptions>
      <nets>
        <net name="system_i/v_axi4s_vid_out_0/locked"/>
      </nets>
    </probe>
    <probe type="ila" busType="net" source="netlist" spec="ILA_V2_RT">
      <probeOptions Id="DebugProbeParams">
        <Option Id="CAPTURE_COMPARE_VALUE" value="eq1&apos;bX"/>
        <Option Id="COMPARE_VALUE.0" value="eq1&apos;bX"/>
        <Option Id="DISPLAY_HINT" value=""/>
        <Option Id="DISPLAY_VISIBILITY" value=""/>
        <Option Id="HW_ILA" value="hw_ila_1"/>
        <Option Id="TRIGGER_COMPARE_VALUE" value="eq1&apos;bX"/>
      </probeOptions>
      <nets>
        <net name="system_i/v_axi4s_vid_out_0/wr_error"/>
      </nets>
    </probe>
    <probe type="ila" busType="net" source="netlist" spec="ILA_V2_RT">
      <probeOptions Id="DebugProbeParams">
        <Option Id="CAPTURE_COMPARE_VALUE" value="eq1&apos;bX"/>
        <Option Id="COMPARE_VALUE.0" value="eq1&apos;bX"/>
        <Option Id="DISPLAY_HINT" value=""/>
        <Option Id="DISPLAY_VISIBILITY" value=""/>
        <Option Id="HW_ILA" value="hw_ila_1"/>
        <Option Id="TRIGGER_COMPARE_VALUE" value="eq1&apos;bX"/>
      </probeOptions>
      <nets>
        <net name="system_i/v_axi4s_vid_out_0_s_axis_video_tready"/>
      </nets>
    </probe>
    <probe type="ila" busType="net" source="netlist" spec="ILA_V2_RT">
      <probeOptions Id="DebugProbeParams">
        <Option Id="CAPTURE_COMPARE_VALUE" value="eq1&apos;bX"/>
        <Option Id="COMPARE_VALUE.0" value="eq1&apos;bX"/>
        <Option Id="DISPLAY_HINT" value=""/>
        <Option Id="DISPLAY_VISIBILITY" value=""/>
        <Option Id="HW_ILA" value="hw_ila_1"/>
        <Option Id="TRIGGER_COMPARE_VALUE" value="eq1&apos;bX"/>
      </probeOptions>
      <nets>
        <net name="system_i/v_axi4s_vid_out_0_vtg_ce"/>
      </nets>
    </probe>
    <probe type="ila" busType="net" source="netlist" spec="ILA_V2_RT">
      <probeOptions Id="DebugProbeParams">
        <Option Id="CAPTURE_COMPARE_VALUE" value="eq1&apos;bX"/>
        <Option Id="COMPARE_VALUE.0" value="eq1&apos;bX"/>
        <Option Id="DISPLAY_HINT" value=""/>
        <Option Id="DISPLAY_VISIBILITY" value=""/>
        <Option Id="HW_ILA" value="hw_ila_1"/>
        <Option Id="TRIGGER_COMPARE_VALUE" value="eq1&apos;bX"/>
      </probeOptions>
      <nets>
        <net name="system_i/v_tc_0_fsync_out"/>
      </nets>
    </probe>
    <probe type="ila" busType="net" source="netlist" spec="ILA_V2_RT">
      <probeOptions Id="DebugProbeParams">
        <Option Id="CAPTURE_COMPARE_VALUE" value="eq1&apos;bX"/>
        <Option Id="COMPARE_VALUE.0" value="eq1&apos;bX"/>
        <Option Id="DISPLAY_HINT" value=""/>
        <Option Id="DISPLAY_VISIBILITY" value=""/>
        <Option Id="HW_ILA" value="hw_ila_1"/>
        <Option Id="TRIGGER_COMPARE_VALUE" value="eq1&apos;bX"/>
      </probeOptions>
      <nets>
        <net name="system_i/v_tc_0_vtiming_out_ACTIVE_VIDEO"/>
      </nets>
    </probe>
    <probe type="ila" busType="net" source="netlist" spec="ILA_V2_RT">
      <probeOptions Id="DebugProbeParams">
        <Option Id="CAPTURE_COMPARE_VALUE" value="eq1&apos;bX"/>
        <Option Id="COMPARE_VALUE.0" value="eq1&apos;bX"/>
        <Option Id="DISPLAY_HINT" value=""/>
        <Option Id="DISPLAY_VISIBILITY" value=""/>
        <Option Id="HW_ILA" value="hw_ila_1"/>
        <Option Id="TRIGGER_COMPARE_VALUE" value="eq1&apos;bX"/>
      </probeOptions>
      <nets>
        <net name="system_i/v_tc_0_vtiming_out_HSYNC"/>
      </nets>
    </probe>
    <probe type="ila" busType="net" source="netlist" spec="ILA_V2_RT">
      <probeOptions Id="DebugProbeParams">
        <Option Id="CAPTURE_COMPARE_VALUE" value="eq1&apos;bX"/>
        <Option Id="COMPARE_VALUE.0" value="eq1&apos;bX"/>
        <Option Id="DISPLAY_HINT" value=""/>
        <Option Id="DISPLAY_VISIBILITY" value=""/>
        <Option Id="HW_ILA" value="hw_ila_1"/>
        <Option Id="TRIGGER_COMPARE_VALUE" value="eq1&apos;bX"/>
      </probeOptions>
      <nets>
        <net name="system_i/v_tc_0_vtiming_out_VSYNC"/>
      </nets>
    </probe>
  </probeset>
</hwsession>
